(PDH-CSV 4.0) (,\\DESKTOP-940RFIL\Proces(firefox)\Czas procesora (%),\\DESKTOP-940RFIL\Proces(firefox#1)\Czas procesora (%),\\DESKTOP-940RFIL\Proces(firefox#2)\Czas procesora (%),\\DESKTOP-940RFIL\Proces(firefox#3)\Czas procesora (%),\\DESKTOP-940RFIL\Proces(firefox#4)\Czas procesora (%),\\DESKTOP-940RFIL\Proces(firefox)\Bajty prywatne,\\DESKTOP-940RFIL\Proces(firefox#1)\Bajty prywatne,\\DESKTOP-940RFIL\Proces(firefox#2)\Bajty prywatne,\\DESKTOP-940RFIL\Proces(firefox#3)\Bajty prywatne,\\DESKTOP-940RFIL\Proces(firefox#4)\Bajty prywatne
24:30.4,53.83801997,3.166942351,17.41818293,0,0,187.080704,125.35808,70.975488,29.356032,14.180352
24:31.4,26.91808249,15.83416617,14.25074955,0,0,187.772928,125.530112,96.231424,29.356032,14.180352
24:32.4,23.37326792,10.90752503,179.1950541,0,0,202.960896,142.393344,232.792064,29.323264,14.180352
24:33.4,4.677655873,10.91453037,196.4615467,0,0,202.461184,147.460096,273.53088,29.323264,14.180352
24:34.4,42.07484041,9.349964535,199.4659101,0,0,218.558464,147.456,271.515648,29.294592,14.180352
24:35.4,6.23429954,1.558574885,202.6147351,0,0,212.135936,147.456,310.247424,29.294592,14.290944
24:36.4,0,0,202.605964,0,0,212.119552,147.456,350.797824,26.845184,14.290944
24:37.4,4.674608365,3.116405577,176.0769151,0,0,213.270528,147.439616,227.545088,26.845184,14.290944
24:38.4,7.791477814,9.349773376,197.9035365,0,0,212.365312,147.439616,278.7328,26.845184,14.290944
24:39.4,4.67494217,3.116628114,199.4641993,0,0,194.297856,147.439616,321.605632,26.845184,14.290944
24:40.4,3.117012033,3.117012033,201.0472761,0,0,194.297856,139.83744,358.854656,26.116096,14.290944
24:41.4,0,0,199.4623691,0,0,194.318336,139.83744,401.010688,26.116096,14.290944
24:42.4,0,0,205.7025638,0,0,193.437696,139.83744,323.694592,26.116096,14.290944
24:43.4,6.373284172,0,176.8586358,0,0,196.800512,139.83744,289.058816,26.116096,14.290944
24:44.4,1.558202011,4.674606034,202.5662615,0,0,197.128192,139.83744,332.279808,26.116096,14.290944
24:45.3,1.583857366,4.751572099,199.5660281,0,0,197.128192,139.83744,369.3568,26.116096,14.290944
24:46.4,4.627206573,4.627206573,195.8850783,0,0,197.128192,139.83744,355.26656,26.116096,14.290944
24:47.4,0,0,206.1316612,0,0,197.066752,139.83744,397.901824,26.116096,14.290944
24:48.4,3.165290348,0,182.004195,0,0,198.950912,157.696,342.638592,26.116096,14.290944
24:49.4,0,0,207.2610405,0,0,199.507968,157.696,380.90752,26.116096,14.290944
24:50.4,1.558342032,4.675026095,205.7011482,0,0,199.000064,157.696,358.948864,26.09152,14.290944
24:51.3,3.16674049,4.750110735,197.9212806,0,0,199.102464,120.573952,396.53376,26.09152,14.290944
24:52.4,1.558335038,6.233340152,196.3502148,0,0,199.102464,120.573952,438.337536,26.09152,14.290944
24:53.4,0,1.558680143,208.8631391,0,0,199.770112,120.573952,334.041088,26.09152,14.290944
24:54.4,3.117582025,0,176.1433844,0,0,200.003584,119.394304,358.043648,26.09152,14.290944
24:55.4,65.63985659,1.526508293,206.0786195,0,0,202.272768,119.31648,398.757888,26.066944,14.290944
24:56.4,20.61102807,3.170927395,198.1829622,0,0,199.385088,119.31648,435.67104,26.066944,14.290944
24:57.4,6.334761645,9.502142467,193.2102302,0,0,199.401472,119.31648,474.66496,26.066944,14.352384
24:58.4,3.117414396,4.676121593,201.0732285,0,0,199.401472,119.31648,457.54368,26.066944,14.352384
24:59.4,3.115874538,4.673811807,180.7207232,0,0,200.073216,119.31648,401.3056,26.066944,14.352384
25:00.4,0,0,201.0283877,0,0,199.487488,119.31648,443.482112,26.066944,14.352384
25:01.4,0,0,205.7414688,0,0,199.483392,119.31648,480.432128,26.099712,14.352384
25:02.4,1.558368609,0,201.0295506,0,0,199.487488,119.31648,518.475776,26.099712,14.352384
25:03.4,0,7.791718707,197.9096552,0,0,199.491584,119.31648,504.95488,26.099712,14.352384
25:04.4,0,4.675174837,201.032518,0,0,199.757824,119.31648,392.585216,26.099712,14.352384
25:05.4,4.674621418,4.674621418,180.7520282,0,0,199.9872,119.31648,487.325696,26.099712,14.352384
25:06.4,3.117402267,1.558701134,197.955044,0,0,199.9872,119.31648,529.240064,26.099712,14.352384
25:07.4,1.558369852,0,207.2631904,0,0,200.019968,119.31648,502.235136,26.099712,14.352384
25:08.4,0,0,197.5968551,0,0,200.019968,119.31648,541.863936,26.099712,14.352384
25:09.4,3.11742528,0,199.5152179,0,0,199.983104,119.31648,584.052736,26.099712,14.352384
25:10.4,9.348899742,9.348899742,169.8383453,0,0,200.871936,119.31648,524.685312,26.07104,14.352384
25:11.4,9.499518742,7.916265618,196.3233873,0,0,200.122368,119.31648,499.335168,26.079232,14.352384
25:12.4,1.55844617,0,201.0395559,0,0,200.126464,119.31648,539.779072,26.079232,14.352384
25:13.4,0,0,202.6021244,0,0,200.126464,119.31648,578.265088,26.079232,14.352384
25:14.4,1.559150944,0,198.0121699,0,0,200.126464,119.31648,619.511808,26.079232,14.352384
25:15.4,0,0,199.4628068,0,0,199.96672,119.31648,475.160576,26.079232,14.352384
25:16.4,3.116486072,7.791215179,169.8484909,0,0,200.4992,119.31648,538.68544,26.095616,14.352384
25:17.4,3.166375343,4.749563015,202.648022,0,0,200.4992,119.31648,581.558272,26.095616,14.352384
25:18.4,6.233471327,1.558367832,197.9127146,0,0,200.4992,119.31648,617.889792,26.095616,14.352384
25:19.4,0,0,194.7947162,0,0,200.4992,119.31648,607.035392,26.095616,14.352384
25:20.4,0,0,202.5893942,0,0,200.503296,119.31648,643.325952,26.095616,14.352384
25:21.4,0,3.115876713,172.9311576,0,0,200.593408,119.31648,582.5536,26.140672,14.352384
25:22.4,10.91137381,1.558767687,202.6397993,0,0,201.306112,119.31648,621.30176,26.140672,14.352384
25:23.4,6.334449615,6.334449615,194.7843257,0,0,201.408512,119.31648,661.6064,26.140672,14.352384
25:24.4,4.674744958,9.349489917,196.3392883,0,0,201.408512,119.31648,636.022784,26.140672,14.352384
25:25.4,17.14202051,0,199.4707841,0,1.5583655,206.553088,119.250944,675.504128,26.165248,14.37696
25:26.4,0,0,204.1657748,0,0,206.557184,119.250944,718.15168,26.243072,14.37696
25:27.4,0,0,183.9118364,0,0,208.392192,119.250944,656.736256,26.243072,14.381056
25:28.4,1.558359439,0,204.1450865,0,0,208.400384,119.250944,635.8016,26.243072,14.381056
25:29.4,0,4.75000532,201.0835585,0,0,208.400384,119.250944,671.809536,26.243072,14.381056
25:30.4,7.793552316,4.676131389,199.5149393,0,0,208.007168,119.250944,708.358144,26.243072,14.381056
25:31.4,3.089705674,4.634558511,202.3757217,0,0,197.615616,119.250944,748.961792,26.243072,14.381056
25:32.4,0,0,190.2911146,0,0,199.18848,119.250944,568.25856,26.243072,14.381056
25:33.4,4.674081646,1.558027215,169.8249665,0,0,201.289728,119.250944,665.735168,26.243072,14.381056
25:34.4,0,0,207.2623635,0,0,201.289728,119.250944,688.910336,26.243072,14.381056
25:35.4,6.332005807,3.166002904,196.29218,0,0,192.34816,119.250944,723.529728,26.243072,14.381056
25:36.4,6.233335178,4.675001384,194.7917243,0,0,192.45056,119.250944,733.45024,26.243072,14.381056
25:37.4,6.236287651,4.677215738,196.443061,0,0,192.487424,119.250944,766.32064,26.243072,14.381056
25:38.4,1.558358351,1.558358351,180.7695687,0,0,193.732608,119.250944,661.635072,26.243072,14.381056
25:39.4,3.116811824,0,207.2679863,0,0,197.2224,119.250944,718.27456,26.243072,14.381056
25:40.4,0,0,205.7038563,0,0,197.2224,119.250944,760.045568,24.436736,14.381056
25:41.4,0,0,204.1467968,0,0,197.2224,119.250944,796.045312,24.440832,14.381056
25:42.4,3.117340072,6.234680144,204.1857747,0,0,197.230592,119.250944,378.175488,24.440832,14.381056
25:43.4,3.118268282,6.236536565,198.0100359,0,0,197.230592,119.250944,422.158336,24.440832,14.381056
25:44.4,10.90664836,4.67427787,166.7159107,0,0,198.238208,119.382016,354.009088,24.440832,14.381056
25:45.4,0,0,199.4703862,0,0,198.172672,119.382016,397.877248,24.440832,14.381056
25:46.4,0,0,210.3757547,0,0,197.931008,119.382016,375.390208,24.440832,14.381056
25:47.4,0,0,194.5240796,0,0,197.935104,119.382016,416.62464,24.440832,14.381056
25:48.4,1.559064757,0,201.1193536,0,0,197.935104,119.382016,456.986624,24.440832,14.381056
25:49.4,1.558649046,4.675947137,183.9205874,0,0,198.119424,119.382016,372.887552,24.440832,14.381056
25:50.4,11.08012784,4.748626216,191.527924,0,0,198.49216,119.382016,371.662848,24.440832,14.381056
25:51.4,3.116720121,7.791800303,196.3533676,0,0,198.49216,119.382016,412.975104,24.440832,14.381056
25:52.4,0,0,199.5827324,0,0,198.49216,119.382016,450.932736,24.440832,14.381056
25:53.4,0,0,199.6046032,0,0,198.49216,119.382016,491.913216,24.440832,14.381056
25:54.4,0,0,197.9162875,0,0,198.49216,119.382016,473.788416,24.440832,14.381056
25:55.4,6.232522138,1.558130535,182.3012725,0,0,198.94272,119.382016,414.195712,24.440832,14.381056
25:56.4,1.583007065,3.16601413,199.4588902,0,0,199.053312,119.382016,454.971392,24.41216,14.381056
25:57.4,6.145074089,9.217611133,193.5698338,0,0,199.053312,119.382016,492.72832,24.41216,14.352384
25:58.4,1.58138986,3.16277972,202.4179021,0,0,199.053312,119.382016,482.930688,24.41216,14.352384
25:59.4,0,0,199.100147,0,0,199.282688,119.382016,519.933952,24.41216,14.352384
26:00.4,0,1.561981578,176.5039183,0,0,199.39328,119.382016,456.704,24.41216,14.352384
26:01.4,4.675018169,0,193.2340843,0,0,200.032256,119.382016,503.209984,24.41216,14.352384
26:02.4,0,3.166326899,197.8954312,0,0,200.032256,119.382016,544.059392,24.41216,14.352384
26:03.4,3.117461355,6.23492271,201.0762574,0,0,200.032256,119.382016,515.887104,24.41216,14.352384
26:04.4,0,4.675064795,196.3527214,0,0,200.032256,119.382016,557.367296,24.41216,14.352384
26:05.4,0,0,205.8132643,0,0,200.003584,119.382016,580.661248,24.41216,14.352384
26:06.4,6.231796921,0,179.1641615,0,0,202.805248,119.570432,541.966336,24.449024,14.352384
26:07.4,1.558508348,0,194.8135436,0,0,202.8544,119.570432,517.722112,24.449024,14.352384
26:08.3,0,1.583186067,197.8982584,0,0,202.8544,119.570432,555.97056,24.449024,14.352384
26:09.4,1.55835602,9.350136118,197.9112145,0,0,202.8544,119.570432,594.997248,24.449024,14.352384
26:10.4,4.676381435,6.235175247,194.8492265,0,0,202.8544,119.570432,636.960768,24.449024,14.352384
26:11.4,4.678028396,3.118685597,169.9683651,0,0,204.578816,119.570432,501.219328,24.449024,14.352384
26:12.4,3.117056182,1.558528091,202.6086519,0,0,204.619776,119.570432,553.435136,24.449024,14.352384
26:13.4,0,0,198.005294,0,0,204.623872,119.570432,595.57888,24.449024,14.352384
26:14.4,0,0,204.2176361,0,0,204.623872,119.570432,631.6032,24.449024,14.352384
26:15.4,3.166470633,0,194.7379439,0,0,204.623872,119.570432,672.067584,24.449024,14.352384
26:16.4,3.11734909,6.23469818,191.716969,0,0,204.627968,119.570432,654.495744,24.449024,14.352384
26:17.4,18.70435949,3.117393249,166.7805388,0,0,204.726272,119.570432,593.215488,24.449024,14.352384
26:18.4,1.558651223,1.558651223,201.0660077,0,0,205.078528,119.570432,634.785792,24.449024,14.352384
26:19.4,0,0,199.4718186,0,0,205.082624,119.570432,673.619968,24.449024,14.352384
26:20.4,0,0,197.9110171,0,0,205.08672,119.570432,650.555392,24.449024,14.352384
26:21.4,1.55850042,0,201.0465542,0,0,205.08672,119.570432,691.085312,24.449024,14.352384
26:22.4,1.558530578,1.558530578,182.3480777,0,0,206.344192,119.570432,619.708416,24.449024,14.352384
26:23.4,1.558701756,4.676105267,205.7486317,0,0,205.594624,119.570432,676.278272,24.449024,14.352384
26:24.4,9.350085761,9.350085761,188.5600629,0,0,205.594624,119.570432,649.162752,24.449024,14.352384
26:25.4,21.87685953,1.562632824,192.2038373,0,0,218.640384,119.570432,682.02496,24.449024,14.352384
26:26.4,31.05641913,0,181.6800519,13.97538861,0,224.44032,119.570432,720.97792,31.444992,14.352384
26:27.4,12.65534691,7.909591822,192.9940404,1.581918364,9.491510186,224.39936,119.570432,760.467456,33.34144,21.499904
26:28.4,11.09272381,14.26207347,172.7295565,0,0,224.710656,119.570432,703.643648,33.34144,22.335488
26:29.4,4.67502796,4.67502796,193.234489,0,0,225.124352,119.570432,678.690816,33.308672,22.335488
26:30.4,0,0,201.0286283,0,0,225.124352,119.570432,720.498688,33.308672,22.335488
26:31.4,0,0,199.4713411,0,0,225.124352,119.570432,756.072448,33.40288,22.335488
26:32.4,0,0,204.212787,0,0,225.124352,119.570432,797.929472,33.40288,22.335488
26:33.4,0,0,186.8638584,0,0,225.124352,119.570432,776.646656,33.40288,22.335488
26:34.4,1.558023642,4.674070927,172.9406243,0,0,226.762752,119.570432,712.204288,33.40288,22.335488
26:35.4,6.233552149,3.116776075,199.4736688,0,0,217.767936,119.570432,753.250304,33.40288,22.335488
26:36.4,1.558871415,3.11774283,201.0944125,0,0,217.882624,119.570432,789.921792,33.40288,22.335488
26:37.4,0,0,196.3480215,0,0,217.935872,119.570432,772.931584,33.40288,22.335488
26:38.4,0,0,205.7275549,0,0,217.935872,119.570432,812.863488,33.40288,22.335488
26:39.4,0,0,199.5203929,0,0,219.045888,119.570432,706.064384,33.40288,22.335488
26:40.4,4.674737499,3.116491666,174.5235333,0,0,221.003776,119.570432,792.260608,33.40288,22.335488
26:41.4,7.791700057,1.558340011,197.9091814,0,0,221.003776,119.570432,776.564736,33.40288,22.335488
26:42.4,3.11651622,4.674774329,194.7822637,0,0,221.065216,119.570432,782.04928,33.40288,22.335488
26:43.4,0,1.560213196,204.3879286,0,0,221.065216,119.570432,825.327616,33.40288,22.335488
26:44.4,0,0,200.6871729,0,0,221.065216,119.570432,863.727616,33.40288,22.335488
26:45.4,4.749565902,0,177.317127,0,0,221.917184,119.570432,806.883328,33.40288,22.335488
26:46.4,1.55835602,0,221.2865548,0,0,223.645696,119.570432,302.153728,33.40288,22.335488
26:47.4,1.558299137,4.674897412,201.0205887,0,0,223.748096,119.570432,345.296896,33.40288,22.335488
26:48.4,1.583213338,4.749640015,194.7352406,0,0,223.748096,119.570432,379.5968,33.40288,22.335488
26:49.4,6.23601449,3.118007245,197.9934601,0,0,223.748096,119.570432,420.171776,33.40288,22.335488
26:50.4,1.558657753,1.558657753,201.0668501,0,0,223.719424,119.570432,406.052864,33.40288,22.335488
26:51.4,3.116156659,0,176.0628512,0,0,224.190464,119.570432,338.628608,33.40288,22.335488
26:52.4,0,0,201.0265231,0,0,224.190464,119.570432,383.479808,33.40288,22.335488
26:53.4,3.117511426,0,201.079487,0,0,224.190464,119.570432,421.707776,33.40288,22.335488
26:54.4,6.331500339,6.331500339,191.5278852,0,0,224.190464,119.570432,412.823552,33.40288,22.335488
26:55.4,0,6.239946199,201.2382649,0,0,224.19456,119.570432,450.465792,33.40288,22.335488
26:56.4,12.46513626,7.790710163,176.0700497,0,0,224.329728,119.570432,392.282112,33.40288,22.335488
26:57.4,0,0,199.4613546,0,0,224.370688,119.570432,430.809088,33.40288,22.335488
26:58.4,1.55529169,0,205.298503,0,0,224.411648,119.570432,468.877312,33.40288,22.335488
26:59.3,0,0,206.2026362,0,0,224.681984,119.570432,447.311872,33.40288,22.335488
27:00.4,1.558606756,3.117213512,201.0602715,0,0,224.681984,119.570432,486.002688,33.40288,22.335488
27:01.4,7.79169384,7.79169384,199.4673623,0,0,225.509376,119.570432,370.364416,33.40288,22.335488
27:02.4,6.232043613,6.232043613,165.1491557,0,0,225.337344,119.570432,467.501056,33.40288,22.335488
27:03.4,0,0,202.5869493,0,0,225.52576,119.570432,446.427136,33.40288,22.335488
27:04.4,0,0,199.5029185,0,0,225.52576,119.570432,485.113856,33.40288,22.335488
27:05.4,1.559383105,0,201.1604206,0,0,225.501184,119.570432,523.943936,33.40288,22.335488
27:06.3,1.583740012,0,199.5512416,0,0,225.501184,119.570432,565.358592,33.40288,22.335488
27:07.4,6.232501628,3.116250814,166.7194186,0,0,226.705408,119.570432,443.215872,33.40288,22.335488
27:08.4,3.116646142,4.674969213,204.1403223,0,0,225.95584,119.570432,485.818368,33.40288,22.335488
27:09.4,6.234673303,1.558668326,193.2748724,0,0,226.6112,119.570432,524.53376,33.40288,22.335488
27:10.4,0,0,199.4719379,0,0,226.6112,119.570432,564.035584,33.40288,22.335488
27:11.4,0,0,202.6629285,0,0,226.6112,119.570432,605.53216,33.40288,22.335488
27:12.3,0,0,199.461012,0,0,226.615296,119.570432,536.711168,33.40288,22.335488
27:13.4,6.232957225,1.558239306,180.7557595,0,0,229.384192,119.570432,525.733888,33.40288,22.335488
27:14.4,1.558506172,9.351037033,201.0472962,0,0,229.384192,119.570432,569.294848,33.40288,22.335488
27:15.4,3.116704579,4.675056869,202.5857976,0,0,229.384192,119.570432,605.876224,33.40288,22.335488
27:16.4,1.558319963,1.558319963,204.1399151,0,0,229.388288,119.570432,583.8848,33.40288,22.335488
27:17.4,0,0,205.7201472,0,0,229.388288,119.570432,626.843648,33.40288,22.335488
27:18.4,3.11631452,0,177.6299276,0,0,231.71072,119.570432,571.12576,33.40288,22.335488
27:19.4,4.675382344,0,199.48298,0,0,231.714816,119.570432,611.926016,33.40288,22.335488
27:20.4,4.676347379,6.235129839,197.9653724,0,0,231.456768,119.570432,581.947392,33.40288,22.335488
27:21.4,1.559050912,7.795254558,196.4404149,0,0,231.456768,119.570432,620.773376,33.40288,22.335488
27:22.4,3.119216972,6.238433943,196.5106692,0,0,231.456768,119.570432,660.508672,33.435648,22.335488
27:23.4,3.116910993,3.116910993,199.4823035,0,0,231.46496,119.570432,550.760448,33.435648,22.335488
27:24.4,3.116848195,1.558424098,183.8940435,0,0,231.571456,119.570432,580.943872,33.435648,22.335488
27:25.4,0,0,197.6012282,0,0,231.571456,119.570432,623.894528,33.435648,22.335488
27:26.4,0,0,205.7039794,0,0,231.489536,119.570432,657.7152,33.435648,22.335488
27:27.4,1.566065932,10.96246152,192.6261097,0,0,231.489536,119.570432,698.298368,33.435648,22.335488
27:28.4,4.626451201,7.710752001,189.6844992,0,0,231.489536,119.570432,705.16736,33.435648,22.335488
27:29.4,4.710894775,9.421789549,168.0219136,0,0,232.0384,119.570432,619.56096,33.435648,22.335488
27:30.4,3.113577219,0,200.8257306,0,0,232.792064,119.570432,661.528576,33.435648,22.335488
27:31.4,0,0,202.6559275,0,0,232.792064,119.570432,697.48736,33.435648,22.335488
27:32.4,0,0,201.0974421,0,0,232.792064,119.570432,737.042432,33.435648,22.335488
27:33.4,0,0,199.572197,0,0,232.722432,119.570432,719.552512,33.435648,22.335488
27:34.4,6.332732078,3.166366039,201.0642435,0,0,232.738816,119.570432,726.335488,33.435648,22.335488
27:35.4,12.46999719,4.676248945,165.2274627,0,0,233.447424,120.619008,703.008768,33.435648,22.335488
27:36.4,4.675132871,6.233510495,196.3555806,0,0,233.447424,120.619008,748.089344,33.435648,22.335488
27:37.4,1.559106916,1.559106916,204.2430059,0,0,233.447424,120.619008,717.971456,33.435648,22.335488
27:38.4,0,0,202.6126534,0,0,233.447424,120.619008,756.441088,33.435648,22.335488
27:39.4,0,0,207.3381518,0,0,233.447424,120.619008,798.59712,33.435648,22.335488
27:40.3,3.16586274,4.74879411,178.8712448,0,0,233.775104,120.619008,741.720064,33.435648,22.335488
27:41.4,3.116704579,1.55835229,188.560627,0,0,234.172416,120.619008,715.55072,33.435648,22.335488
27:42.4,3.11667163,6.23334326,197.9086485,0,0,234.180608,120.356864,753.164288,33.435648,22.335488
27:43.4,4.675543233,4.675543233,197.9313302,0,0,234.180608,120.356864,789.368832,33.435648,22.335488
27:44.4,0,0,201.3799692,0,0,234.180608,120.356864,828.39552,33.435648,22.335488
27:45.4,1.556813428,0,202.3857456,0,0,234.180608,119.177216,873.701376,33.435648,22.335488
27:46.3,1.582694068,0,164.6001831,0,0,234.917888,119.177216,745.63584,33.435648,22.335488
27:47.4,0,0,197.9104644,0,0,234.917888,119.177216,786.255872,33.435648,22.335488
27:48.4,3.116576828,4.674865242,196.3443402,0,0,234.917888,119.177216,823.676928,33.435648,22.335488
27:49.4,3.117792288,4.676688432,199.5387064,0,0,234.917888,119.177216,863.522816,33.435648,22.335488
27:50.4,0,0,194.8106289,0,0,234.917888,119.177216,845.385728,33.435648,22.335488
27:51.4,0,0,182.3255813,0,0,234.881024,119.177216,732.454912,33.435648,22.335488
27:52.3,6.330773067,0,166.182793,0,0,235.409408,119.177216,815.591424,33.435648,22.335488
27:53.4,0,0,201.0285481,0,0,235.511808,119.177216,856.10496,33.435648,22.335488
27:54.4,0,3.116526476,199.4576945,0,0,235.515904,119.177216,893.35808,33.435648,22.335488
27:55.4,4.676129057,10.9109678,193.280001,0,0,235.52,119.308288,868.716544,33.435648,22.335488
27:56.4,1.558433579,0,199.4794981,0,0,235.52,119.308288,909.70112,33.435648,22.335488
27:57.4,0,0,188.5118381,0,0,236.081152,119.308288,831.97952,33.435648,22.335488
27:58.4,1.55842674,0,201.0370495,0,0,236.711936,119.308288,889.131008,33.435648,22.335488
27:59.4,0,0,193.2216354,0,0,236.711936,119.308288,863.49824,33.435648,22.335488
28:00.4,3.116921563,3.116921563,197.9245192,0,0,236.711936,119.308288,899.284992,33.435648,22.335488
28:01.4,1.558590898,3.117181796,204.1754077,0,0,236.711936,119.308288,939.216896,33.435648,22.335488
28:02.4,3.170988851,12.68395541,199.7722976,0,0,236.711936,119.308288,980.496384,33.435648,22.335488
28:03.4,1.532654316,0,185.4511722,0,0,238.116864,119.308288,866.418688,33.435648,22.335488
28:04.4,0,0,199.1907641,0,0,238.219264,119.308288,894.046208,33.435648,22.335488
28:05.4,0,0,199.4927896,0,0,238.219264,119.308288,934.244352,33.435648,22.335488
28:06.4,6.233444595,1.558361149,202.5869493,0,0,238.219264,119.308288,971.83744,33.435648,22.335488
28:07.4,7.915094666,9.498113599,193.1283098,0,0,238.219264,119.308288,1010.700288,33.435648,22.335488
28:08.4,6.234489214,6.234489214,180.8001872,0,0,238.219264,119.308288,986.365952,33.435648,22.335488
28:09.4,1.558536486,0,163.646331,0,0,240.152576,119.308288,925.77792,33.435648,22.335488
28:10.4,0,0,201.1632111,0,0,240.152576,119.308288,964.644864,33.435648,22.335488
28:11.4,3.118492641,0,201.1427754,0,0,240.152576,119.308288,1001.63584,33.435648,22.335488
28:12.4,0,0,191.3731879,0,0,240.156672,119.308288,978.98496,33.435648,22.335488
28:13.4,3.169577251,3.169577251,196.5137896,0,0,240.156672,119.308288,1018.404864,33.435648,22.335488
28:14.4,10.91150879,1.558786969,194.8483712,0,0,240.156672,119.308288,1023.930368,33.435648,22.335488
28:15.4,19.98683845,4.612347335,155.2823603,0,0,241.80736,119.308288,997.70368,33.435648,22.335488
28:16.4,0,0,195.8917432,0,0,241.80736,119.308288,1033.740288,33.435648,22.335488
28:17.4,0,0,193.2290352,0,0,241.95072,119.308288,1008.975872,33.435648,22.335488
28:18.4,0,0,202.6155031,0,0,241.95072,119.308288,1045.74976,33.435648,22.335488
28:19.4,1.583294676,1.583294676,199.4951291,0,0,241.95072,119.308288,1085.513728,33.435648,22.335488
28:20.4,4.674761276,3.116507517,196.3399736,0,0,241.999872,119.308288,976.961536,33.435648,22.335488
28:21.4,6.234650913,4.675988185,162.1009237,0,0,243.781632,119.308288,997.978112,33.435648,22.335488
28:22.4,10.90844971,3.116699916,199.4687947,0,0,243.781632,119.308288,1042.231296,33.435648,22.335488
28:23.4,0,0,199.4701474,0,0,243.781632,119.308288,1081.167872,33.435648,22.335488
28:24.4,1.558352911,0,205.7025843,0,0,243.781632,119.308288,1118.134272,33.435648,22.335488
28:25.4,0,0,191.5632238,0,0,243.781632,119.308288,1093.115904,33.435648,22.335488
28:26.4,3.116436034,4.674654051,179.1950719,0,0,246.23104,119.308288,992.407552,33.435648,22.335488
28:27.4,12.46531277,4.67449229,191.6541839,0,0,247.820288,119.308288,1069.948928,33.435648,22.335488
28:28.4,1.55833022,3.11666044,201.0245984,0,0,247.963648,119.308288,1111.379968,33.435648,22.335488
28:29.4,0,0,201.0303526,0,0,247.963648,119.308288,1149.128704,33.435648,22.335488
28:30.4,0,0,191.8807403,0,0,247.963648,119.308288,1125.814272,33.435648,22.335488
28:31.4,0,0,200.9003576,0,0,247.963648,119.308288,1164.587008,33.435648,22.335488
28:32.4,3.118110535,1.559055267,162.1417478,0,0,248.475648,119.308288,1108.484096,33.435648,22.335488
28:33.4,0,3.116667278,199.4667058,0,0,249.89696,119.308288,1144.324096,33.435648,22.335488
28:34.4,7.791473151,4.674883891,185.437061,0,0,249.89696,119.308288,1116.38528,33.435648,22.335488
28:35.4,3.116705201,3.116705201,199.4691328,0,0,249.901056,119.308288,1152.380928,33.435648,22.335488
28:36.4,1.558974224,0,207.3435718,0,0,249.901056,119.308288,1193.979904,33.435648,22.335488
28:37.4,0,0,202.6657392,0,0,249.901056,119.308288,1238.011904,33.435648,22.335488
28:38.4,3.116662616,1.558331308,185.4414256,0,0,251.301888,119.308288,1176.772608,33.435648,22.335488
28:39.4,3.116493531,1.558246765,191.6643522,0,0,251.47392,119.308288,1150.459904,33.435648,22.335488
28:40.4,3.116714526,6.233429052,197.9113724,0,0,251.47392,119.308288,1186.553856,33.435648,22.335488
28:41.4,1.559158101,1.559158101,196.4539207,0,0,251.47392,119.308288,1225.658368,33.435648,22.335488
28:42.4,1.559022289,0,204.2319199,0,0,251.47392,119.308288,1265.344512,33.435648,22.335488
28:43.4,4.780971824,1.593657275,168.9276711,0,0,251.47392,119.308288,1237.078016,33.435648,22.335488
28:44.4,4.674301176,0,168.2748423,0,0,252.19072,119.308288,1175.007232,33.435648,22.335488
28:45.4,0,0,202.5861613,0,0,252.19072,119.308288,1216.626688,33.435648,22.335488
28:46.4,3.166200501,4.749300751,193.1382305,0,0,252.19072,119.308288,1205.612544,33.435648,22.335488
28:47.4,3.116810891,3.116810891,197.9174916,0,0,252.19072,119.308288,1231.19616,33.435648,22.335488
28:48.4,0,4.675803011,199.5009285,0,0,252.19072,119.308288,1273.192448,33.435648,22.335488
28:49.4,1.558555918,1.558555918,193.2609339,0,0,252.235776,119.308288,1167.028224,33.435648,22.335488
28:50.4,3.116487626,0,180.7562823,0,0,252.747776,119.308288,1256.013824,33.435648,22.335488
28:51.4,0,0,210.4199091,0,0,252.76416,119.308288,341.36064,33.435648,22.335488
28:52.4,3.165964414,0,197.8727758,0,0,252.76416,119.308288,374.35392,33.435648,22.335488
28:53.4,9.352523081,9.352523081,193.285477,0,0,252.76416,119.308288,415.305728,33.435648,22.335488
28:54.4,4.675917285,4.675917285,199.5058042,0,0,252.76416,119.308288,458.805248,33.435648,22.335488
28:55.4,6.232558807,4.674419106,177.627926,0,0,253.394944,119.308288,336.269312,33.435648,22.335488
28:56.4,0,0,206.9682764,0,0,253.423616,119.308288,373.690368,33.435648,22.335488
28:57.3,0,0,201.3536036,0,0,253.423616,119.308288,412.360704,33.435648,22.335488
28:58.4,0,0,199.5599105,0,0,253.423616,119.308288,450.248704,33.435648,22.335488
28:59.4,4.676505535,1.558835178,196.4132325,0,0,253.423616,119.308288,491.532288,33.435648,22.335488
29:00.4,3.117064577,6.234129154,187.0238746,0,0,253.448192,119.308288,333.254656,33.435648,22.335488
29:01.4,6.232614744,6.232614744,182.3039813,0,0,253.87008,119.308288,410.615808,33.435648,22.335488
29:02.4,1.558509747,1.558509747,202.6062672,0,0,253.97248,119.308288,451.301376,33.435648,22.335488
29:03.4,3.11796618,0,204.2267848,0,0,253.97248,119.308288,491.2128,33.435648,22.335488
29:04.3,0,0,197.9469562,0,0,253.97248,119.308288,475.11552,33.435648,22.335488
29:05.4,0,0,201.5536035,0,0,253.97248,119.308288,519.647232,33.435648,22.335488
29:06.4,7.897199039,7.897199039,165.8411798,0,0,254.623744,119.308288,455.200768,33.435648,22.335488
29:07.4,3.117080434,4.675620651,201.051688,0,0,254.623744,119.308288,496.427008,33.435648,22.335488
29:08.4,6.233100817,6.233100817,202.5757766,0,0,254.623744,119.308288,472.875008,33.435648,22.335488
29:09.4,0,0,201.0644834,0,0,254.623744,119.308288,509.886464,33.435648,22.335488
29:10.4,0,0,205.7992585,0,0,254.623744,119.308288,550.055936,33.435648,22.335488
29:11.4,17.41355582,1.583050529,161.4711539,0,0,254.742528,120.705024,423.452672,33.435648,22.335488
