"(PDH-CSV 4.0) (","\\DESKTOP-940RFIL\Proces(firefox)\Czas procesora (%)","\\DESKTOP-940RFIL\Proces(firefox#1)\Czas procesora (%)","\\DESKTOP-940RFIL\Proces(firefox#2)\Czas procesora (%)","\\DESKTOP-940RFIL\Proces(firefox#3)\Czas procesora (%)","\\DESKTOP-940RFIL\Proces(firefox#4)\Czas procesora (%)","\\DESKTOP-940RFIL\Processor Performance(PPM_Processor_0)\% of Maximum Frequency","\\DESKTOP-940RFIL\Processor Performance(PPM_Processor_1)\% of Maximum Frequency","\\DESKTOP-940RFIL\Processor Performance(PPM_Processor_2)\% of Maximum Frequency","\\DESKTOP-940RFIL\Processor Performance(PPM_Processor_3)\% of Maximum Frequency","\\DESKTOP-940RFIL\Proces(firefox)\Bajty prywatne","\\DESKTOP-940RFIL\Proces(firefox#1)\Bajty prywatne","\\DESKTOP-940RFIL\Proces(firefox#2)\Bajty prywatne","\\DESKTOP-940RFIL\Proces(firefox#3)\Bajty prywatne","\\DESKTOP-940RFIL\Proces(firefox#4)\Bajty prywatne"
"05/08/2020 14:35:01.585"," "," "," "," "," ","100","100","100","100","185905152","441339904","72380416","29659136","14794752"
"05/08/2020 14:35:02.585","6.2498193802199111246","1.5624548450549777812","4.6873645351649342317","0","0","100","100","100","100","185679872","396836864","72511488","29659136","14794752"
"05/08/2020 14:35:08.863","8.2129468631536450829","5.4752979087690976101","369.58260884191400919","0","0","100","100","100","100","191979520","155897856","136220672","27316224","14938112"
"05/08/2020 14:35:09.613","6.2500050000040001663","4.1666700000026670736","381.25030500024399771","0","0","100","100","100","100","187379712","150654976","137666560","27316224","14938112"
"05/08/2020 14:35:10.613","1.5625014062512658786","10.937509843758858707","381.25034312530885927","0","0","100","100","100","100","187379712","148295680","139616256","27316224","14938112"
"05/08/2020 14:35:11.613","6.2499856250330623197","4.6874892187747967398","379.6866267207585679","1.5624964062582655799","0","100","100","100","100","187379712","112140288","141398016","26464256","14938112"
"05/08/2020 14:35:12.613","1.562501875002249907","7.8125093750112508673","384.37546125055348512","0","0","100","100","100","100","187379712","112140288","143273984","26464256","14938112"
"05/08/2020 14:35:13.604","0","6.3083961927163558769","381.65796965933952833","0","0","100","100","100","100","187379712","112029696","136601600","26464256","14938112"
"05/08/2020 14:35:14.596","0","0","390.48250537606236321","0","0","100","100","100","100","187781120","111243264","138326016","26464256","14938112"
"05/08/2020 14:35:15.675","0","5.7970896198519064058","382.60791491022581567","0","0","100","100","100","100","187883520","120340480","140214272","26464256","14938112"
"05/08/2020 14:35:21.601","1.3181403033769296673","2.8999086674292446908","388.06050531416804006","0","0","100","100","100","100","189304832","115097600","127987712","26464256","14938112"
"05/08/2020 14:35:22.601","0","4.687495312504687206","393.74960625039375373","0","0","100","100","100","100","189276160","115097600","129089536","26464256","14938112"
"05/08/2020 14:35:23.594","1.5749066420541097955","3.149813284108219591","389.00194058736508396","0","0","100","100","100","100","191139840","115097600","130650112","26464256","14938112"
"05/08/2020 14:35:24.605","0","4.6344421258776771211","383.11388240588797771","0","0","100","100","100","100","191139840","115097600","132808704","26464256","14938112"
"05/08/2020 14:35:25.605","0","1.5624946875180625305","390.62367187951559799","0","0","100","100","100","100","191209472","115097600","131452928","26464256","14938112"
"05/08/2020 14:35:26.605","1.5625051562670158045","7.8125257813350774683","382.81376328541887233","0","0","100","100","100","100","188272640","115052544","133410816","26464256","14938112"
"05/08/2020 14:35:27.634","0","3.0373735942306039348","393.33988045286315582","0","0","100","100","100","100","188227584","115052544","135405568","26464256","14938112"
"05/08/2020 14:35:33.608","0.52309324435871551451","3.9231993326903662478","388.39673393634626564","0","0","100","100","100","100","188329984","115052544","141840384","26501120","14938112"
"05/08/2020 14:35:34.615","0","4.6534470055031293967","378.48035644758783747","0","0","100","100","100","100","188329984","115056640","139685888","26501120","14938112"
"05/08/2020 14:35:35.615","0","4.6875023437511718072","392.18769609384804653","0","0","100","100","100","100","188329984","115056640","141496320","26501120","14938112"
"05/08/2020 14:35:36.615","3.1249993750001250348","1.5624996875000625174","387.49992250001548655","0","0","100","100","100","100","188329984","115056640","143077376","26501120","14938112"
"05/08/2020 14:35:37.615","0","3.124999062500281255","387.49988375003488272","0","0","100","100","100","100","188329984","115056640","144699392","26501120","14938112"
"05/08/2020 14:35:38.615","3.1250006250001254315","1.5625003125000627158","389.06257781251554206","0","0","100","100","100","100","188260352","115056640","142827520","26501120","14938112"
"05/08/2020 14:35:39.722","0","4.2339970042721146726","383.88239505400503049","0","0","100","100","100","100","188260352","115056640","144498688","26501120","14938112"
"05/08/2020 14:35:44.612","2.556568370226114606","2.8761394165043792093","385.40268181158683092","0","0","100","100","100","100","188944384","115056640","133345280","26480640","14938112"
"05/08/2020 14:35:45.612","1.5624996875000625174","3.1249993750001250348","381.2499237500152276","0","0","100","100","100","100","188944384","115056640","135286784","26480640","14938112"
"05/08/2020 14:35:46.612","0","0","390.625","0","0","100","100","100","100","188944384","115056640","136974336","26480640","14938112"
"05/08/2020 14:35:47.612","1.5624982812518906083","1.5624982812518906083","387.49957375046886909","0","0","100","100","100","100","188944384","115056640","135401472","26480640","14938112"
"05/08/2020 14:35:48.602","1.577883894607252202","6.3115355784290088081","389.73732196799130634","0","0","100","100","100","100","189046784","115056640","136994816","26484736","14938112"
"05/08/2020 14:35:49.599","0","4.7027849917802839741","385.62836932598327166","0","0","100","100","100","100","189046784","115056640","138731520","26484736","14938112"
"05/08/2020 14:35:50.661","0","4.4117630449833242778","385.29397259521027763","0","0","100","100","100","100","189046784","115056640","140419072","26484736","14938112"
"05/08/2020 14:35:56.351","2.4713782761974401048","3.8443662074182398669","385.5350110868006368","0","0.27459758624416003014","100","100","100","100","191418368","114954240","141860864","26697728","14966784"
"05/08/2020 14:35:56.601","0","0","393.75252001612807362","0","0","100","100","100","100","191348736","114954240","142303232","26697728","14966784"
"05/08/2020 14:35:57.601","0","3.1249993750001250348","389.06242218751555129","0","0","100","100","100","100","191352832","114954240","143847424","26697728","14970880"
"05/08/2020 14:35:58.601","0","1.5624979687526405758","389.06199421940755201","0","0","100","100","100","100","191361024","114954240","145358848","26710016","14970880"
"05/08/2020 14:35:59.592","3.1542124229337589192","3.1542124229337589192","376.92838454058414754","0","0","100","100","100","100","191684608","114954240","131289088","26710016","14970880"
"05/08/2020 14:36:00.600","0","4.6526488683864641871","370.66102651478831831","0","0","100","100","100","100","191684608","114954240","129564672","26710016","14970880"
"05/08/2020 14:36:01.615","6.1538358532716799232","7.692294816589599904","372.30706912293658206","0","0","100","100","100","100","186273792","114954240","131465216","26710016","14970880"
"05/08/2020 14:36:02.678","0","5.8823634602264229798","388.2359883749439291","0","0","100","100","100","100","186277888","114954240","133484544","26710016","14970880"
"05/08/2020 14:36:09.426","1.157673415032105968","5.7883670751605293958","383.189900375627019","0","0","100","100","100","100","183930880","114954240","137629696","26710016","14970880"
"05/08/2020 14:36:09.605","0","0","410.6174848263734134","0","0","100","100","100","100","183930880","114954240","137859072","26710016","14970880"
"05/08/2020 14:36:10.597","1.5753177302439025365","0","385.95284390975609767","0","0","100","100","100","100","183930880","114954240","139464704","26710016","14970880"
"05/08/2020 14:36:11.609","0","4.6295898494501823706","390.4287439702987399","0","0","100","100","100","100","183877632","114954240","141078528","24969216","14970880"
"05/08/2020 14:36:12.609","0","4.6874962500029999646","392.18718625025104529","0","0","100","100","100","100","183877632","114954240","142712832","24969216","14970880"
"05/08/2020 14:36:13.609","1.5624992187503905505","3.1249984375007811011","376.56231171884411424","0","0","100","100","100","100","183877632","114954240","140636160","24969216","14970880"
"05/08/2020 14:36:14.600","1.5778995102704849174","7.8894975513524245869","383.42958099572780384","0","0","100","100","100","100","183877632","114954240","142196736","24969216","14970880"
"05/08/2020 14:36:15.670","0","4.3808574985327046747","386.97574570372228209","0","0","100","100","100","100","183877632","114954240","143859712","24969216","14970880"
"05/08/2020 14:36:24.863","1.1897518630671151119","4.0791492448015373995","387.85910735987954467","0","0","100","100","100","100","185921536","114954240","137265152","24969216","14970880"
"05/08/2020 14:36:25.605","0","2.1061553519058717754","400.16951686211558581","0","0","100","100","100","100","185921536","114692096","134729728","24969216","14970880"
"05/08/2020 14:36:26.605","0","6.2500112500202504862","384.37569187624535516","0","0","100","100","100","100","185921536","114692096","136499200","24940544","14970880"
"05/08/2020 14:36:27.598","0","4.7207339671285852845","380.80587334837252911","0","0","100","100","100","100","185921536","114692096","138203136","24940544","14942208"
"05/08/2020 14:36:28.613","0","3.0769197443823075311","395.3841871531265042","0","0","100","100","100","100","185921536","114692096","139968512","24940544","14942208"
"05/08/2020 14:36:29.613","0","1.5624989062507654847","393.74972437519295454","0","0","100","100","100","100","185921536","114753536","141500416","24940544","14942208"
"05/08/2020 14:36:30.611","0","4.6958609804757367456","392.88703536647000192","0","0","100","100","100","100","185921536","114753536","139300864","24940544","14942208"
"05/08/2020 14:36:31.690","0","15.942040814963620576","372.46404449505911316","0","0","100","100","100","100","185888768","114753536","141062144","24940544","14942208"
"05/08/2020 14:36:37.595","1.8520730501298727777","3.7041461002597455554","382.84995764827516496","0","0","100","100","100","100","185888768","114753536","147017728","24940544","14942208"
"05/08/2020 14:36:38.595","6.2499987500002500695","4.6874990625001871081","374.99992500001502549","0","0","100","100","100","100","186404864","114753536","128741376","24940544","14942208"
"05/08/2020 14:36:39.611","0","1.5384613869822634236","387.69226951953038451","0","0","100","100","100","100","186413056","114753536","131014656","24973312","14942208"
"05/08/2020 14:36:40.608","0","3.1321328060391930848","386.81840154584034508","0","0","100","100","100","100","186523648","114753536","133099520","24973312","14942208"
"05/08/2020 14:36:41.595","58.622528512223347263","3.1687853249850461701","324.80049581096722022","0","0","100","100","100","100","188014592","114753536","134758400","24973312","14942208"
"05/08/2020 14:36:42.626","0","1.51515122130400548","392.42416631773744484","0","0","100","100","100","100","188022784","114753536","136675328","24973312","14942208"
"05/08/2020 14:36:43.688","0","1.470678067770916142","385.3176537559800181","0","0","100","100","100","100","188022784","114753536","135118848","24973312","14942208"
"05/08/2020 14:36:49.791","0.51208683052451109408","3.0725209831470667865","387.64973070705491409","0","0","100","100","100","100","188108800","114753536","141672448","24973312","14942208"
"05/08/2020 14:36:50.594","0","5.8393802321625463136","387.34555540011558605","0","0","100","100","100","100","188108800","114753536","143056896","24973312","14942208"
"05/08/2020 14:36:51.598","0","6.2226186113245880449","385.8023539021244801","0","0","100","100","100","100","188108800","114753536","140890112","24973312","14942208"
"05/08/2020 14:36:52.598","0","0","399.99976000014402189","0","0","100","100","100","100","188108800","114753536","142503936","24973312","14942208"
"05/08/2020 14:36:53.598","0","3.1249965625037812167","382.81207890671316818","0","0","100","100","100","100","188108800","114753536","144224256","24973312","14942208"
"05/08/2020 14:36:54.598","1.5624901563120152659","1.5624901563120152659","392.1850292343158344","0","0","100","100","100","100","188108800","114753536","145895424","24973312","14942208"
"05/08/2020 14:36:55.604","10.873845595269850506","0","389.90503491610462561","0","0","100","100","100","100","189890560","114753536","147599360","24973312","14942208"
"05/08/2020 14:36:56.671","30.756020236125625189","2.9291447843929168116","335.38707781298893451","11.716579137571667246","0","100","100","100","100","199680000","114753536","138076160","28815360","14942208"
"05/08/2020 14:37:02.853","3.285692131917033354","2.5274554860900253495","374.06341194132374994","0.5054910972180051143","1.769218840263017789","100","100","100","100","209264640","114753536","156991488","29708288","20361216"
"05/08/2020 14:37:03.603","2.0833316666680001816","2.0833316666680001816","385.41635833357997853","0","2.0833316666680001816","100","100","100","100","209264640","114753536","158420992","29708288","21168128"
"05/08/2020 14:37:04.603","0","7.8125085937594525021","350.00038500042347778","6.2500068750075614687","4.6875051562556713236","100","100","100","100","209264640","114753536","160276480","34267136","23441408"
"05/08/2020 14:37:05.602","6.2569395716789486528","3.1284697858394743264","373.85213940781721931","3.1284697858394743264","0","100","100","100","100","206241792","114753536","157622272","36818944","23351296"
"05/08/2020 14:37:06.601","4.6882426176306326582","3.1254950784204220682","365.6829241751893278","1.5627475392102110341","4.6882426176306326582","100","100","100","100","206241792","114753536","159346688","37212160","26361856"
"05/08/2020 14:37:07.601","6.2500018750005628121","1.562500468750140703","379.6876139062841844","0","0","100","100","100","100","206241792","114753536","161202176","37212160","26361856"
"05/08/2020 14:37:08.601","3.1249912500244998448","4.6874868750367495451","385.93641937802573239","0","0","100","100","100","100","206241792","114753536","158314496","37212160","26361856"
"05/08/2020 14:37:13.334","0.98720980454446316532","3.9488392181778526613","386.65717344658139609","0","0","100","100","100","100","206102528","114753536","144723968","37212160","26361856"
"05/08/2020 14:37:19.489","0.50901147398190704774","3.563080317873348779","387.86674317421312708","0","0","100","100","100","100","207462400","114753536","154472448","37212160","26361856"
"05/08/2020 14:37:19.614","0","0","400.00480005760073254","0","0","100","100","100","100","207462400","114753536","154681344","37212160","26361856"
"05/08/2020 14:37:20.614","0","4.6875051562556713236","384.37542281296509827","0","0","100","100","100","100","207433728","114753536","156295168","37212160","26361856"
"05/08/2020 14:37:21.613","1.5644798492492248965","0","395.81340186005388659","0","0","100","100","100","100","207433728","114753536","157986816","37212160","26361856"
"05/08/2020 14:37:22.613","0","0","398.43841640835773887","0","0","100","100","100","100","207433728","114753536","155770880","37212160","26361856"
"05/08/2020 14:37:23.613","1.5624968750062500078","6.2499875000250000312","384.37423125153753745","0","0","100","100","100","100","207433728","114753536","157278208","37212160","26361856"
"05/08/2020 14:37:24.613","1.562500468750140703","4.687501406250421887","385.93761578128476231","0","0","100","100","100","100","207433728","114753536","158932992","37212160","26361856"
"05/08/2020 14:37:25.707","5.7142898938806077069","5.7142898938806077069","372.85741557570963778","0","0","100","100","100","100","207433728","114753536","160641024","37212160","26361856"
"05/08/2020 14:37:31.602","0.26502284768330430786","4.7704112582994770975","384.5481519884745012","0","0","100","100","100","100","207360000","114753536","162689024","37212160","26361856"
"05/08/2020 14:37:32.595","4.7236001138702539137","4.7236001138702539137","381.03707585220047349","0","0","100","100","100","100","207360000","114753536","164155392","37212160","26361856"
"05/08/2020 14:37:33.595","4.6874985937504218825","1.5624995312501406275","384.37488468753457482","0","0","100","100","100","100","207962112","114753536","149557248","37212160","26361856"
"05/08/2020 14:37:34.595","3.1249984375007811011","3.1249984375007811011","387.49980625009686719","0","0","100","100","100","100","207970304","114753536","148066304","37212160","26361856"
"05/08/2020 14:37:35.595","0","4.6874976562511712075","390.62480468759764562","0","0","100","100","100","100","207945728","114753536","150061056","37212160","26361856"
"05/08/2020 14:37:36.600","0","7.7669368185413905081","380.57990410852812602","0","0","100","100","100","100","207945728","114753536","151896064","37212160","26361856"
"05/08/2020 14:37:37.671","0","2.91922308870991154","385.3374477097083286","0","0","100","100","100","100","207945728","114753536","153767936","37212160","26361856"
"05/08/2020 14:37:44.420","0","3.9359276469144917066","383.86870815201336882","0","0","100","100","100","100","207945728","114622464","157777920","37212160","26361856"
"05/08/2020 14:37:44.607","0","8.333337777780148059","391.66687555566699075","0","0","100","100","100","100","207945728","114622464","158093312","37212160","26361856"
"05/08/2020 14:37:45.607","0","0","392.18800984441276114","0","0","100","100","100","100","207945728","114622464","159625216","37212160","26361856"
"05/08/2020 14:37:46.598","0","3.1541824964572224843","383.2331733195525203","0","0","100","100","100","100","207945728","114622464","161124352","37212160","26361856"
"05/08/2020 14:37:47.606","0","7.7505644643092574952","392.178561894048471","0","0","100","100","100","100","207945728","114622464","159215616","37212160","26361856"
"05/08/2020 14:37:48.606","0","1.5624998437500157156","393.74996062500395055","0","0","100","100","100","100","207945728","114622464","160669696","37212160","26361856"
"05/08/2020 14:37:49.622","3.0769218650892349309","3.0769218650892349309","389.23061593378821499","0","0","100","100","100","100","207945728","114622464","162291712","37212160","26361856"
"05/08/2020 14:37:50.637","0","4.6153855242605335008","389.23084587930503631","0","0","100","100","100","100","207945728","114622464","163856384","37212160","26361856"
"05/08/2020 14:37:53.370","5.145245571731821066","17.722512524854050042","1292.0283324571018966","0","0","100","100","100","100","208461824","114622464","154046464","37212160","26361856"
"05/08/2020 14:38:00.603","0","0.21603517154907075914","40.614612251225302941","0","0","100","100","100","100","208461824","114622464","155377664","37212160","26361856"
"05/08/2020 14:38:01.603","3.1250012500005004412","6.2500025000010008824","378.12515125006052585","0","0","100","100","100","100","208461824","114622464","157081600","37212160","26361856"
"05/08/2020 14:38:02.597","0","4.7144577408077124048","381.87107700542475186","0","0","100","100","100","100","208461824","114622464","158773248","37212160","26361856"
"05/08/2020 14:38:03.597","0","3.1249940625112810899","390.62425781391016244","0","0","100","100","100","100","208564224","114622464","160501760","37212160","26361856"
"05/08/2020 14:38:04.613","0","3.0769270153896566278","390.76973095448636286","0","0","100","100","100","100","208564224","114622464","158318592","37212160","26361856"
"05/08/2020 14:38:05.613","0","3.1249953125070311089","390.62441406337893568","0","0","100","100","100","100","208564224","114622464","159977472","37212160","26361856"
"05/08/2020 14:38:06.691","0","4.347836168895464759","389.8559764776265979","0","0","100","100","100","100","208564224","114622464","161710080","37212160","26361856"
"05/08/2020 14:38:11.986","1.4674844607718251499","9.0984036567853170396","801.54001247357098237","0","0","100","100","100","100","209162240","114622464","153972736","37249024","26361856"
"05/08/2020 14:38:18.610","0.71078120821554202635","0.71078120821554202635","54.730153032596739138","0","0","100","100","100","100","209276928","114622464","155799552","37249024","26361856"
"05/08/2020 14:38:19.610","0","6.249981875052562863","385.93638078449572504","0","0","100","100","100","100","209276928","114622464","157519872","37249024","26361856"
"05/08/2020 14:38:20.610","1.562501875002249907","6.250007500008999628","385.93796312555576833","0","0","100","100","100","100","209276928","114622464","159281152","37249024","26361856"
"05/08/2020 14:38:21.610","0","1.5624989062507654847","392.1872254689421311","0","0","100","100","100","100","209276928","114622464","160989184","37249024","26361856"
"05/08/2020 14:38:22.600","6.3116063270369417992","3.1558031635184708996","381.85218278573501038","0","0","100","100","100","100","209276928","114622464","162607104","37249024","26361856"
"05/08/2020 14:38:23.608","0","1.5501202744521429544","393.73054971084428644","0","0","100","100","100","100","209276928","114622464","164298752","37249024","26361856"
"05/08/2020 14:38:24.686","1.4492721361130418423","2.8985442722260836845","391.30347675052132672","0","0","100","100","100","100","209276928","114622464","166096896","37249024","26361856"
"05/08/2020 14:38:29.609","0","4.7602667707321071333","390.34187520003274585","0","0","100","100","100","100","209276928","114622464","174436352","37249024","26361856"
"05/08/2020 14:38:30.610","4.6850857752999877093","0","385.73872883303232584","0","0","100","100","100","100","212242432","114622464","158920704","37249024","26361856"
"05/08/2020 14:38:31.610","0","10.937508750006999847","384.37530750024603776","0","0","100","100","100","100","212242432","114622464","162111488","37249024","26361856"
"05/08/2020 14:38:32.601","0","3.1526175603521973123","397.22981260437688888","0","0","100","100","100","100","212242432","114622464","163987456","37249024","26361856"
"05/08/2020 14:38:33.594","1.5745211541073789174","3.1490423082147578349","384.18316160220047095","0","0","100","100","100","100","212348928","114622464","165888000","37249024","26361856"
"05/08/2020 14:38:34.594","0","1.5624992187503905505","389.06230546884728483","0","0","100","100","100","100","212348928","114622464","167587840","37249024","26361856"
"05/08/2020 14:38:35.640","2.9850766228572043204","4.4776149342858069247","389.55249928286519889","0","0","100","100","100","100","212348928","114622464","169480192","37249024","26361856"
"05/08/2020 14:38:41.418","0.54091645232960428036","2.1636658093184171214","392.16442793896311514","0","0","100","100","100","100","212267008","114622464","178876416","37249024","26361856"
"05/08/2020 14:38:41.605","0","0","400.00384003686428969","0","0","100","100","100","100","212267008","114622464","179134464","37249024","26361856"
"05/08/2020 14:38:42.605","0","1.5625007812503908244","392.18769609384804653","0","0","100","100","100","100","212267008","114622464","180744192","37249024","26361856"
"05/08/2020 14:38:43.602","0","12.534804137167258276","380.74467566645546412","0","0","100","100","100","100","212267008","114622464","184414208","37249024","26361856"
"05/08/2020 14:38:44.602","0","1.5624965625075624143","379.68666468933764691","0","0","100","100","100","100","212267008","114622464","186089472","37249024","26361856"
"05/08/2020 14:38:45.602","0","1.5625021875030624674","381.25053375074725182","0","0","100","100","100","100","212267008","114622464","187518976","37249024","26361856"
"05/08/2020 14:38:46.602","0","3.1250006250001254315","385.93757718751544417","0","0","100","100","100","100","212267008","114622464","189091840","37249024","26361856"
"05/08/2020 14:38:47.681","0","2.8985518000424068674","385.50738940564014001","0","0","100","100","100","100","212267008","114622464","190697472","37249024","26361856"
"05/08/2020 14:38:55.671","0.97772408509930219811","2.7376274382780461103","390.50299958866128236","0","0","100","100","100","100","212955136","114622464","189542400","37249024","26361856"
"05/08/2020 14:38:56.609","1.6666696888943690613","1.6666696888943690613","388.33403751238802215","0","0","100","100","100","100","213180416","114622464","191115264","37249024","26361856"
"05/08/2020 14:38:57.609","0","1.5624996875000625174","390.62492187501561602","0","0","100","100","100","100","213188608","114622464","192933888","37249024","26361856"
"05/08/2020 14:38:58.602","4.7176666476114865745","1.5725555492038290062","391.56633175175340966","0","0","100","100","100","100","213188608","114622464","194572288","37249024","26361856"
"05/08/2020 14:38:59.602","1.562498125002250049","0","390.62453125056254066","0","0","100","100","100","100","213188608","114622464","196341760","37249024","26361856"
"05/08/2020 14:39:00.602","1.562501875002249907","1.562501875002249907","393.75047250056695702","0","0","100","100","100","100","213188608","114622464","197996544","37249024","26361856"
"05/08/2020 14:39:01.602","0","3.1250034375037807344","389.06292796922076604","0","0","100","100","100","100","213188608","114622464","199614464","37249024","26361856"
"05/08/2020 14:39:02.680","2.8985464230267576902","1.4492732115133788451","391.30376710861230549","0","0","100","100","100","100","213188608","114622464","201310208","37249024","26361856"
"05/08/2020 14:39:08.732","1.032682228014715875","2.8398761270404686563","380.54340102342274577","0","0","100","100","100","100","213188608","115671040","210735104","37249024","26361856"
"05/08/2020 14:39:09.607","1.7857153061230319757","8.9285765306151603227","385.71450612257496005","0","0","100","100","100","100","213188608","115671040","212131840","37249024","26361856"
"05/08/2020 14:39:10.607","4.6875023437511718072","3.1250015625007816489","378.12518906259452933","0","0","100","100","100","100","213622784","115671040","197607424","37249024","26361856"
"05/08/2020 14:39:11.607","4.6874910937669218569","1.562497031255640545","387.49926375139887114","0","0","100","100","100","100","213622784","115671040","199696384","37249024","26361856"
"05/08/2020 14:39:12.607","0","9.3750084375075939391","384.37534593781134618","0","0","100","100","100","100","213630976","115671040","201789440","37249024","26361856"
"05/08/2020 14:39:13.598","0","4.7337066574244515138","386.58604368966354059","0","0","100","100","100","100","213630976","115671040","203698176","37249024","26361856"
"05/08/2020 14:39:14.621","0","3.0529229319158130984","390.7741352852240766","0","0","100","100","100","100","213630976","115671040","205643776","37249024","26361856"
"05/08/2020 14:39:15.668","0","4.4776046692031643559","385.07400155147212217","0","0","100","100","100","100","213630976","115671040","208683008","37249024","26361856"
"05/08/2020 14:39:21.803","2.5467628028740718626","3.3107916437362936435","386.08924091570929704","0","0","100","100","100","100","213733376","114622464","219607040","37249024","26361856"
"05/08/2020 14:39:22.616","7.6923020118385139199","1.92307550295962848","380.76894958600644259","0","0","100","100","100","100","213733376","114622464","221024256","37249024","26361856"
"05/08/2020 14:39:23.606","9.4673760281191672306","3.1557920093730555955","386.58452114819937151","0","0","100","100","100","100","213733376","114622464","223784960","37249024","26361856"
"05/08/2020 14:39:24.595","0","1.5803005048870475413","393.49482571687485688","0","0","100","100","100","100","213733376","114622464","225517568","37249024","26361856"
"05/08/2020 14:39:25.595","0","4.6874971875016875344","387.49976750013945548","0","0","100","100","100","100","213733376","114622464","227225600","37249024","26361856"
"05/08/2020 14:39:26.611","0","9.2307755929037931253","376.92333671023823172","0","0","100","100","100","100","213655552","114622464","228950016","37249024","26361856"
"05/08/2020 14:39:27.605","0","6.2845745870908800157","383.35904981254367385","0","0","100","100","100","100","213655552","114622464","230584320","37249024","26361856"
"05/08/2020 14:39:28.676","4.3788407688151433916","5.8384543584201908928","375.12069252849727263","0","0","100","100","100","100","214220800","114622464","217612288","37249024","26361856"
"05/08/2020 14:39:34.854","0","4.5519954410450642612","385.90805794637594772","0","0","100","100","100","100","214257664","114622464","230461440","37249024","26361856"
"05/08/2020 14:39:35.604","0","2.0833297222284814509","393.74931750118298623","0","0","100","100","100","100","214257664","114622464","231739392","37249024","26361856"
"05/08/2020 14:39:36.604","3.1249993750001250348","3.1249993750001250348","385.93742281251542181","0","0","100","100","100","100","214257664","114622464","232808448","37249024","26361856"
"05/08/2020 14:39:37.604","0","0","389.0627723439406509","0","0","100","100","100","100","214257664","114622464","234655744","37249024","26361856"
"05/08/2020 14:39:38.604","0","0","393.75082687673648252","0","0","100","100","100","100","214257664","114622464","236396544","37249024","26361856"
"05/08/2020 14:39:39.603","4.6935739540539405112","3.1290493027026271555","381.74401492972054939","0","0","100","100","100","100","214257664","114622464","238006272","37249024","26361856"
"05/08/2020 14:39:40.603","3.1249971875025313039","1.562498593751265652","384.37465406281131663","0","0","100","100","100","100","214257664","114622464","239730688","37249024","26361856"
"05/08/2020 14:39:41.697","0","4.2857154612248118397","390.00010697145791028","0","0","100","100","100","100","214257664","114622464","166776832","37249024","26361856"
"05/08/2020 14:39:52.674","0.99634874055142563787","3.131381756018766005","386.44097579958867072","0","0","100","100","100","100","214921216","114622464","158691328","37249024","26361856"
"05/08/2020 14:39:53.612","1.6666663111111867934","1.6666663111111867934","381.66658524446177125","0","0","100","100","100","100","214921216","114622464","156536832","37249024","26361856"
"05/08/2020 14:39:54.602","3.1558053943570163469","3.1558053943570163469","388.16406350591296359","0","0","100","100","100","100","214921216","114622464","158195712","37249024","26361856"
"05/08/2020 14:39:55.595","1.572611261366079205","1.572611261366079205","380.5719252505912209","0","0","100","100","100","100","214925312","114622464","159813632","37249024","26361856"
"05/08/2020 14:39:56.611","6.1538606958923516288","0","387.69322384121818459","0","0","100","100","100","100","221687808","114585600","164143104","37187584","26361856"
"05/08/2020 14:39:57.605","1.5727811128566324683","4.718343338569897405","391.62249710130151925","0","0","100","100","100","100","221687808","114585600","165670912","37187584","26296320"
"05/08/2020 14:39:58.605","0","4.6874929687605471074","392.18691171963240549","0","0","100","100","100","100","221687808","114585600","163467264","37187584","26296320"
"05/08/2020 14:39:59.675","0","2.9192356329468016618","385.33910354897778916","0","0","100","100","100","100","221691904","114585600","165122048","37187584","26296320"
"05/08/2020 14:40:05.740","0.51526389739280420432","4.3797431278388359033","387.73608278808518435","0","0","100","100","100","100","221802496","114585600","170942464","36143104","26296320"
"05/08/2020 14:40:06.615","0","3.5714289795918832127","387.50004428571935478","0","0","100","100","100","100","221802496","114585600","169025536","36143104","26296320"
"05/08/2020 14:40:07.615","9.3749990625000929612","0","384.37496156250381318","0","0","100","100","100","100","223178752","114585600","154152960","36143104","26296320"
"05/08/2020 14:40:08.611","0","6.2745113787008950368","379.60793841140417726","0","0","100","100","100","100","223174656","114585600","156143616","36143104","26296320"
"05/08/2020 14:40:09.602","0","1.5771154442449062394","394.27886106122656429","0","0","100","100","100","100","223174656","114585600","157978624","36143104","26296320"
"05/08/2020 14:40:10.594","0","0","387.33403838625173421","0","0","100","100","100","100","223174656","114585600","156475392","36143104","26296320"
"05/08/2020 14:40:11.594","6.2499993750000628623","3.1249996875000314311","381.24996187500380529","0","0","100","100","100","100","208072704","114585600","153530368","36143104","26296320"
"05/08/2020 14:40:12.660","0","1.465811002034967947","392.83734854537135561","0","0","100","100","100","100","208072704","114585600","155455488","36143104","26296320"
"05/08/2020 14:40:18.609","1.5758532287114708215","5.5154863004901484302","385.55875662473988541","0","0","100","100","100","100","208166912","114585600","165232640","36143104","26296320"
"05/08/2020 14:40:19.609","4.6875018750007502177","1.5625006250002502206","382.8126531250612743","0","0","100","100","100","100","208166912","114585600","166780928","36143104","26296320"
"05/08/2020 14:40:20.607","0","6.2642555663924390785","389.94990900792936372","0","0","100","100","100","100","208166912","114585600","168337408","36143104","26296320"
"05/08/2020 14:40:21.607","0","1.5625","389.0625","0","0","100","100","100","100","208142336","114585600","169914368","36143104","26296320"
"05/08/2020 14:40:22.607","0","4.6874990625001871081","392.18742156251568076","0","0","100","100","100","100","208142336","114585600","171450368","36143104","26296320"
"05/08/2020 14:40:23.607","0","1.5624982812518906083","393.74956687547643241","0","0","100","100","100","100","208142336","114585600","173047808","36143104","26296320"
"05/08/2020 14:40:24.685","0","2.8985539508542523812","389.85550638989695926","0","0","100","100","100","100","208142336","114585600","174690304","36143104","26296320"
"05/08/2020 14:40:31.866","1.5231499646455133323","3.0462999292910266647","385.1393482032227098","0","0","100","100","100","100","210059264","114585600","158154752","36167680","26296320"
"05/08/2020 14:40:32.616","0","2.083332222222814778","387.49979333344356291","0","0","100","100","100","100","210059264","114585600","159363072","36167680","26296320"
"05/08/2020 14:40:33.616","0","3.1250021875015314698","387.50027125018988272","0","0","100","100","100","100","210059264","114585600","161030144","36167680","26296320"
"05/08/2020 14:40:34.616","0","4.6874990625001871081","381.2499237500152276","0","0","100","100","100","100","210059264","114585600","162717696","36167680","26296320"
"05/08/2020 14:40:35.615","1.5644839220615662789","4.6934517661846992809","372.34717345065274685","0","0","100","100","100","100","210059264","114585600","160415744","36167680","26296320"
"05/08/2020 14:40:36.615","0","3.1250021875015314698","392.18777453144213041","0","0","100","100","100","100","210059264","114585600","161972224","36167680","26296320"
"05/08/2020 14:40:37.602","0","9.4903888933599169775","385.94248166330328331","0","0","100","100","100","100","210059264","114585600","155541504","36167680","26296320"
"05/08/2020 14:40:38.665","0","2.9411778546719316019","391.17665467136691859","0","0","100","100","100","100","210022400","114585600","157442048","36167680","26296320"
"05/08/2020 14:40:44.613","0","3.1525015301401762002","387.75768820724164243","0","0","100","100","100","100","209997824","114585600","166125568","36167680","26296320"
"05/08/2020 14:40:45.604","1.576322297328585087","3.1526445946571701739","390.9279297374891371","0","0","100","100","100","100","209997824","114585600","163893248","36167680","26296320"
"05/08/2020 14:40:46.596","9.4472316437014125512","3.149077214567137073","373.16564992620578778","0","0","100","100","100","100","210436096","114585600","149917696","36167680","26296320"
"05/08/2020 14:40:47.609","0","0","398.19687564730139684","0","0","100","100","100","100","210436096","114585600","151363584","36167680","26296320"
"05/08/2020 14:40:48.609","0","6.2500131250275616779","379.68829734542441656","0","0","100","100","100","100","210538496","114585600","153481216","36167680","26296320"
"05/08/2020 14:40:49.655","0","1.4925387391414821625","395.52276587249275508","0","0","100","100","100","100","210538496","114585600","155463680","36167680","26296320"
"05/08/2020 14:40:50.641","0","6.3411006913017251563","386.80714216940515371","0","0","100","100","100","100","210546688","114585600","153976832","36167680","26296320"
"05/08/2020 14:40:56.597","0.52466188731306950821","5.7712807604437639242","381.69152302025804602","0","0","100","100","100","100","210513920","114585600","160505856","36249600","26296320"
"05/08/2020 14:40:57.597","3.125","0","385.9375","0","0","100","100","100","100","210513920","114585600","162148352","36253696","26296320"
"05/08/2020 14:40:58.597","0","1.562498437501562476","385.93711406288593935","0","0","100","100","100","100","210513920","114585600","159916032","36253696","26296320"
"05/08/2020 14:40:59.613","1.5384610840238028828","9.230766504142817297","383.07680992192689473","0","0","100","100","100","100","210513920","114585600","161538048","36253696","26296320"
"05/08/2020 14:41:00.603","0","0","396.0537369749760046","0","0","100","100","100","100","210513920","114585600","163057664","36253696","26296320"
"05/08/2020 14:41:01.592","0","0","393.49259705468040238","1.580291554436467516","0","100","100","100","100","210513920","114585600","164716544","35975168","26296320"
"05/08/2020 14:41:02.639","0","4.4776089463152120018","391.04451464486180612","0","0","100","100","100","100","210513920","114585600","162832384","35975168","26296320"
"05/08/2020 14:41:11.046","1.3010414159993539673","3.3455350697126240433","386.40930055180808722","0","0","100","100","100","100","211283968","114585600","158203904","35975168","26296320"
"05/08/2020 14:41:11.597","5.6689681770430553343","8.5034522655645830014","379.82086786188472161","0","0","100","100","100","100","208166912","114585600","155750400","35975168","26296320"
"05/08/2020 14:41:12.597","0","4.687494843755671603","381.24958062546130577","0","0","100","100","100","100","208179200","114585600","157491200","35975168","26296320"
"05/08/2020 14:41:13.597","1.5624996875000625174","4.6874990625001871081","384.37492312501535707","0","0","100","100","100","100","208195584","114585600","159215616","35975168","26296320"
"05/08/2020 14:41:14.612","0","4.6153905230844856078","390.76973095448636286","0","0","100","100","100","100","208195584","114585600","160899072","35975168","26296320"
"05/08/2020 14:41:15.612","0","3.1250031250031251595","396.87539687539685929","0","0","100","100","100","100","208195584","114585600","158658560","35975168","26296320"
"05/08/2020 14:41:16.607","1.5709978415243737171","3.1419956830487474342","395.89145606414217582","0","0","100","100","100","100","208195584","114585600","160256000","35975168","26296320"
"05/08/2020 14:41:17.669","0","5.8823507266444323704","389.70573564019366586","0","0","100","100","100","100","208195584","114585600","162066432","35975168","26296320"
"05/08/2020 14:41:23.610","0.26302998353272377674","3.9454497529908572062","384.02377595777676333","0","0","100","100","100","100","208297984","114585600","167972864","35975168","26296320"
"05/08/2020 14:41:24.610","7.812493750005000237","3.1249975000020002724","379.68719625024300512","0","0","100","100","100","100","210132992","114585600","150126592","35975168","26296320"
"05/08/2020 14:41:25.610","4.6875","6.25","382.8125","0","0","100","100","100","100","210132992","114585600","152383488","35975168","26296320"
"05/08/2020 14:41:26.604","0","4.7128779049425348902","392.73982541187785955","0","0","100","100","100","100","210079744","114585600","154611712","35975168","26296320"
"05/08/2020 14:41:27.604","3.124998125001125171","9.3749943750033750689","374.99977500013500276","0","0","100","100","100","100","210083840","114585600","156651520","35975168","26296320"
"05/08/2020 14:41:28.604","0","0","387.49992250001548655","0","0","100","100","100","100","210083840","114585600","155512832","35975168","26296320"
"05/08/2020 14:41:29.683","0","1.4492777819826156982","385.50789000737580636","0","0","100","100","100","100","210083840","114585600","157720576","35975168","26296320"
"05/08/2020 14:41:35.615","1.053591584982553897","5.5313558211584084034","383.7707348298952752","0","0","100","100","100","100","210083840","114585600","164474880","36003840","26296320"
"05/08/2020 14:41:36.605","0","6.311584018746111191","388.16241715288583691","0","0","100","100","100","100","210083840","114585600","162242560","36003840","26296320"
"05/08/2020 14:41:37.594","3.1605744781537556953","4.7408617172306328769","385.59008633475815486","0","0","100","100","100","100","210083840","114585600","163966976","36003840","26296320"
"05/08/2020 14:41:38.609","0","3.0769312568264797214","389.23180398854964324","0","0","100","100","100","100","210083840","114585600","165781504","36003840","26296320"
"05/08/2020 14:41:39.609","0","4.6874882812792968423","387.49903125242190072","0","0","100","100","100","100","210083840","114585600","167632896","36003840","26296320"
"05/08/2020 14:41:40.609","7.8125148437782039323","6.250011875022562613","381.25072437637629719","0","0","100","100","100","100","210636800","114585600","154636288","36003840","26296320"
"05/08/2020 14:41:41.670","0","2.9456688581814565175","388.82828927995223012","0","0","100","100","100","100","210612224","114585600","146423808","36003840","26296320"
"05/08/2020 14:41:47.603","0","2.897068158595666798","389.78735224741694765","0","0","100","100","100","100","210612224","114585600","158633984","36003840","26296320"
"05/08/2020 14:41:48.597","0","3.1428128345838546309","384.99457223652217408","0","0","100","100","100","100","210612224","114585600","160530432","36003840","26296320"
"05/08/2020 14:41:49.597","0","4.6874868750367495451","389.06141062805022557","0","0","100","100","100","100","210612224","114585600","162304000","36003840","26296320"
"05/08/2020 14:41:50.613","0","3.0769276213084868488","383.0774888529066402","0","0","100","100","100","100","210612224","114585600","164143104","36003840","26296320"
"05/08/2020 14:41:51.598","0","3.1713499132521629775","394.83306419989429514","0","0","100","100","100","100","210612224","114585600","165912576","36003840","26296320"
"05/08/2020 14:41:52.613","0","1.5394508795954333635","395.63887605602639042","0","0","100","100","100","100","210612224","114585600","167714816","36003840","26296320"
"05/08/2020 14:41:53.685","1.4580413945650376739","0","392.21313513799509565","0","0","100","100","100","100","210612224","114585600","169684992","36003840","26296320"
"05/08/2020 14:42:04.481","1.0130662154435008393","3.4733698815205742427","385.97822808397387462","0","0","100","100","100","100","211914752","114585600","173592576","36085760","26296320"
"05/08/2020 14:42:04.606","0","0","374.99610004055961099","0","0","100","100","100","100","211914752","114585600","173850624","36085760","26296320"
"05/08/2020 14:42:05.606","0","3.125001875001125029","385.93773156263893043","0","0","100","100","100","100","211914752","114585600","175583232","36085760","26296320"
"05/08/2020 14:42:06.606","0","9.3750159375270936124","381.25064812610179388","0","0","100","100","100","100","211914752","114585600","177197056","36085760","26296320"
"05/08/2020 14:42:07.601","1.5709840996300521443","6.2839363985202085772","383.32012030973271521","0","0","100","100","100","100","211914752","114585600","178954240","36085760","26296320"
"05/08/2020 14:42:08.601","0","1.562497812503062411","393.74944875077176221","0","0","100","100","100","100","211914752","114585600","180629504","36085760","26296320"
"05/08/2020 14:42:09.601","7.8124945312538285336","6.2499956250030619387","374.9997375001837554","0","0","100","100","100","100","211914752","114585600","182263808","36085760","26296320"
"05/08/2020 14:42:10.648","1.4925388817124967122","2.9850777634249934245","383.58249260011166371","0","0","100","100","100","100","211914752","114585600","186183680","36085760","26296320"
"05/08/2020 14:42:16.615","0.26183569832552677781","4.1893711732084284449","385.16031223684990437","0","0","100","100","100","100","211914752","114585600","199208960","36085760","26296320"
"05/08/2020 14:42:17.605","4.7337367739394533572","9.4674735478789067145","375.54311739919666024","0","0","100","100","100","100","212594688","114585600","182681600","36085760","26296320"
"05/08/2020 14:42:18.598","3.1474640806363174406","3.1474640806363174406","383.99061783763073663","0","0","100","100","100","100","212594688","114585600","184586240","36085760","26296320"
"05/08/2020 14:42:19.614","1.5384595692332898587","3.0769191384665797173","387.69181144678907458","0","0","100","100","100","100","212606976","114585600","186630144","36085760","26296320"
"05/08/2020 14:42:20.614","3.125001875001125029","1.5625009375005625145","389.06273343764007677","0","0","100","100","100","100","212606976","114585600","188452864","36085760","26296320"
"05/08/2020 14:42:21.614","0","1.5624992187503905505","389.06230546884728483","0","0","100","100","100","100","212606976","114585600","190189568","36085760","26296320"
"05/08/2020 14:42:27.599","0.78323024101836680178","4.9604581931163220787","381.95528086995682315","0","0","100","100","100","100","212619264","114585600","200519680","36085760","26296320"
"05/08/2020 14:42:28.603","0","3.1114143205109212609","396.70532586514241302","0","0","100","100","100","100","212619264","114585600","202289152","36085760","26296320"
"05/08/2020 14:42:29.603","0","3.1249996875000314311","389.06246109375388187","0","0","100","100","100","100","212619264","114585600","203792384","36085760","26296320"
"05/08/2020 14:42:30.603","0","3.1249959375052811517","390.62449218816016128","0","0","100","100","100","100","212619264","114585600","205459456","36085760","26296320"
"05/08/2020 14:42:31.603","0","0","395.31285578157019245","0","0","100","100","100","100","212619264","114585600","207085568","36085760","26296320"
"05/08/2020 14:42:32.602","0","1.5649400545330278689","380.28043325152577836","0","0","100","100","100","100","212619264","114585600","208609280","36085760","26296320"
"05/08/2020 14:42:33.672","1.4596281792219756301","1.4596281792219756301","386.80146749382356575","0","0","100","100","100","100","212619264","114585600","210370560","36085760","26296320"
"05/08/2020 14:42:35.610","0.80644965661244594202","5.6451475962871215941","387.9022848305864386","0","0","100","100","100","100","212946944","114585600","194924544","36085760","26296320"
"05/08/2020 14:42:42.480","0.6823014695951254982","3.8663749943723777491","384.13572738205562018","0","0","100","100","100","100","213086208","114585600","210616320","36085760","26296320"
"05/08/2020 14:42:42.605","24.999940000144000862","0","362.49913000208795211","0","0","100","100","100","100","213086208","114585600","210800640","36085760","26296320"
"05/08/2020 14:42:43.599","1.5717805784253122692","1.5717805784253122692","386.65802229262681067","0","0","100","100","100","100","213086208","114585600","212414464","36085760","26296320"
"05/08/2020 14:42:44.599","3.124996875003124952","1.562498437501562476","385.93711406288593935","0","0","100","100","100","100","213086208","114585600","214097920","36085760","26296320"
"05/08/2020 14:42:45.614","1.5384618414201780556","6.1538473656807122225","383.07699851362434629","0","0","100","100","100","100","213098496","114585600","215666688","36085760","26296320"
"05/08/2020 14:42:46.614","1.5625015625015625798","0","385.93788593788593744","0","0","100","100","100","100","213098496","114585600","217231360","36118528","26296320"
"05/08/2020 14:42:47.614","0","3.1249996875000314311","389.06246109375388187","0","0","100","100","100","100","213098496","114585600","218865664","36118528","26296320"
"05/08/2020 14:42:48.672","4.4342778999562577624","4.4342778999562577624","382.82599202955691453","0","0","100","100","100","100","213102592","114585600","220520448","36118528","26296320"
"05/08/2020 14:42:54.354","0","4.6747527467175222782","383.87969614221543679","0","0","100","100","100","100","213102592","114585600","230309888","36118528","26296320"
"05/08/2020 14:42:54.604","0","0","393.75189000907204218","0","0","100","100","100","100","213102592","114585600","230690816","36118528","26296320"
"05/08/2020 14:42:55.604","0","3.1250015625007816489","385.93769296884647702","0","0","100","100","100","100","213102592","114585600","232390656","36118528","26296320"
"05/08/2020 14:42:56.604","6.2499687501562490866","3.1249843750781245433","371.8731406342968171","0","0","100","100","100","100","214179840","114585600","219181056","36118528","26296320"
"05/08/2020 14:42:57.604","0","4.6851077839655070889","388.86394606913705729","0","0","100","100","100","100","214196224","114585600","221216768","36118528","26296320"
"05/08/2020 14:42:58.598","0","3.143546294427865373","386.65619421462747596","0","0","100","100","100","100","214196224","114585600","224182272","36118528","26296320"
"05/08/2020 14:42:59.598","0","3.1249934375137811138","392.18667640797957574","0","0","100","100","100","100","214196224","114585600","226045952","36118528","26296320"
"05/08/2020 14:43:00.685","0","4.3115766499909451426","390.91628293251233117","0","0","100","100","100","100","214196224","114585600","228012032","36118528","26296320"
"05/08/2020 14:43:09.592","1.2280421433299379963","4.0349956137983680193","383.85088708655780465","0","0","100","100","100","100","213680128","114585600","167198720","36118528","26296320"
"05/08/2020 14:43:10.608","0","0","392.30722878161276412","0","0","100","100","100","100","213680128","114585600","168841216","36118528","26296320"
"05/08/2020 14:43:11.608","0","3.1250021875015314698","384.37526906268834637","0","0","100","100","100","100","213680128","114585600","170479616","36118528","26296320"
"05/08/2020 14:43:12.608","0","1.5624992187503905505","392.18730390634806326","0","0","100","100","100","100","213680128","114585600","172044288","36118528","26296320"
"05/08/2020 14:43:13.598","0","6.3116018653661605242","381.85191285465270994","0","0","100","100","100","100","213680128","114585600","167989248","36118528","26296320"
"05/08/2020 14:43:14.613","0","4.6192578559903125779","384.93815466585942886","0","0","100","100","100","100","213680128","114585600","169717760","36118528","26296320"
"05/08/2020 14:43:15.675","4.4117638754326824468","1.4705879584775607416","392.64698491350873155","0","0","100","100","100","100","214159360","114585600","153919488","36118528","26296320"
"05/08/2020 14:43:21.675","1.8229599315823761252","5.989725489484950316","384.12369986914359288","0","0","100","100","100","100","214237184","114585600","158171136","36118528","26296320"
"05/08/2020 14:43:22.612","3.3333312000013650689","3.3333312000013650689","388.33308480015904252","0","0","100","100","100","100","214237184","114585600","159805440","36118528","26296320"
"05/08/2020 14:43:23.603","0","6.3115323915921104359","388.15924208291477271","0","0","100","100","100","100","214237184","114585600","161501184","36118528","26296320"
"05/08/2020 14:43:24.591","1.5802929928949014382","3.1605859857898028764","385.59149026635594737","0","0","100","100","100","100","214237184","114585600","163180544","36118528","26296320"
"05/08/2020 14:43:25.607","0","6.1538455479290536942","387.69226951953038451","0","0","100","100","100","100","214237184","114585600","164978688","36118528","26296320"
"05/08/2020 14:43:26.607","1.5625010937507657349","7.8125054687538275644","384.37526906268834637","0","0","100","100","100","100","214237184","114585600","162574336","36118528","26296320"
"05/08/2020 14:43:27.607","3.1249971875025313039","6.2499943750050626079","379.68715828155757208","0","0","100","100","100","100","214237184","114585600","164208640","36118528","26296320"
"05/08/2020 14:43:28.691","1.4414403443884657996","1.4414403443884657996","393.51321401805114419","0","0","100","100","100","100","214237184","114585600","165969920","36118528","26296320"
"05/08/2020 14:43:33.242","1.7166755589545061866","11.330058689099740121","813.3608798326449687","0","0","100","100","100","100","214917120","114585600","158908416","36118528","26296320"
"05/08/2020 14:43:38.609","0","0","22.998169462157239451","0","0","100","100","100","100","214921216","114585600","159428608","36118528","26296320"
"05/08/2020 14:43:39.603","0","4.7176566767749488207","386.84784749554575001","0","0","100","100","100","100","214921216","114585600","157626368","36118528","26296320"
"05/08/2020 14:43:40.603","1.5624973437545157662","4.6874920312635470765","378.12435718859279632","0","0","100","100","100","100","214921216","114585600","159203328","36118528","26296320"
"05/08/2020 14:43:41.603","1.5625009375005625145","3.125001875001125029","385.93773156263893043","0","0","100","100","100","100","214921216","114585600","160890880","36118528","26296320"
"05/08/2020 14:43:42.603","0","6.2500037500022500581","382.81272968763778408","0","0","100","100","100","100","214921216","114585600","162455552","36118528","26296320"
"05/08/2020 14:43:43.603","1.5625","0","392.1875","0","0","100","100","100","100","214921216","114585600","160231424","36118528","26296320"
"05/08/2020 14:43:44.680","0","1.450996707050033141","391.76911090350893119","0","0","100","100","100","100","214921216","114585600","161931264","36118528","26296320"
"05/08/2020 14:43:50.612","1.5803807970938392735","2.897364794672038002","391.14424728072515336","0","0","100","100","100","100","214921216","114585600","167395328","36118528","26296320"
"05/08/2020 14:43:51.612","0","1.562502343753515488","381.25057187585781548","0","0","100","100","100","100","214921216","114585600","165683200","36118528","26296320"
"05/08/2020 14:43:52.612","1.5624967187568905569","1.5624967187568905569","389.06168297046576754","0","0","100","100","100","100","214921216","114585600","167174144","36118528","26296320"
"05/08/2020 14:43:53.612","3.1250062500124999865","4.6875093750187506458","385.93827187654375166","0","0","100","100","100","100","219258880","114585600","152985600","36118528","26296320"
"05/08/2020 14:43:54.602","1.5778985542005878884","3.1557971084011757767","394.47463855014700584","0","0","100","100","100","100","219258880","114585600","154787840","36118528","26296320"
"05/08/2020 14:43:55.591","4.7408607582646480338","4.7408607582646480338","377.68857374175024688","0","0","100","100","100","100","219271168","114585600","156786688","36118528","26296320"
"05/08/2020 14:43:56.653","5.8823634602264229798","7.3529543252830285027","375.00067058943449183","0","0","100","100","100","100","219590656","114585600","154738688","36118528","26296320"
"05/08/2020 14:44:03.226","0.95089737859197120962","2.8526921357759129627","386.53978439763625374","0","0","100","100","100","100","219607040","114520064","162856960","36118528","26296320"
"05/08/2020 14:44:03.601","0","4.1666666666666660745","383.33333333333337123","0","0","100","100","100","100","219607040","114520064","163500032","36118528","26296320"
"05/08/2020 14:44:04.591","0","4.7336674587249447654","383.42706415672046205","0","0","100","100","100","100","219607040","114520064","164560896","36118528","26296320"
"05/08/2020 14:44:05.596","0","1.555718932317813108","390.48545201177108765","0","0","100","100","100","100","219607040","114520064","161087488","36118528","26296320"
"05/08/2020 14:44:06.611","0","6.153841912428958949","390.76896143923886484","0","0","100","100","100","100","219607040","114520064","162721792","36118528","26296320"
"05/08/2020 14:44:07.597","1.5853391890267132247","11.097374323186993905","377.31072698835777146","0","0","100","100","100","100","219607040","114520064","164261888","36118528","26296320"
"05/08/2020 14:44:08.612","1.5384622958583611396","7.6923114792918054761","386.1540362604486063","1.5384622958583611396","0","100","100","100","100","219607040","114520064","166019072","36118528","26296320"
"05/08/2020 14:44:09.679","1.4645712939714683465","2.929142587942936693","392.50510678435352929","0","0","100","100","100","100","219607040","114520064","163913728","36118528","26296320"
"05/08/2020 14:44:17.491","1.2001589048795144876","2.8003707780522009152","386.85122033949681963","0","0","100","100","100","100","221429760","114520064","157712384","36118528","26296320"
"05/08/2020 14:44:17.616","0","12.499950000200000133","362.49855000579998432","0","0","100","100","100","100","221429760","114520064","154271744","36118528","26296320"
"05/08/2020 14:44:18.616","1.5624993750002500459","4.6874981250007499156","387.4998450000620096","0","0","100","100","100","100","221429760","114520064","156004352","36118528","26296320"
"05/08/2020 14:44:19.630","1.540145709119555173","6.1605828364782206918","388.11671869812789737","0","0","100","100","100","100","221532160","114520064","157847552","36118528","26296320"
"05/08/2020 14:44:20.615","1.5875494667713450081","1.5875494667713450081","390.53716882575088221","0","0","100","100","100","100","221540352","114520064","159494144","36118528","26296320"
"05/08/2020 14:44:21.615","0","1.5624982812518906083","392.18706859422457001","0","0","100","100","100","100","221540352","114520064","161087488","36118528","26296320"
"05/08/2020 14:44:22.615","1.5624982812518906083","4.687494843755671603","385.93707546921700668","0","0","100","100","100","100","221540352","114520064","158720000","36118528","26296320"
"05/08/2020 14:44:23.693","1.4492761688725346314","2.8985523377450692628","388.40601325783927678","0","0","100","100","100","100","221540352","114520064","160452608","36118528","26296320"
"05/08/2020 14:44:29.361","1.6540314250444914101","3.5837347542630655362","386.49200965206290448","0","0","100","100","100","100","221540352","114520064","165822464","36118528","26296320"
"05/08/2020 14:44:29.611","0","0","387.49798501047797572","0","0","100","100","100","100","221540352","114520064","166178816","36118528","26296320"
"05/08/2020 14:44:30.604","0","6.2933409806656488428","393.33381129160301271","0","0","100","100","100","100","221540352","114520064","164425728","36118528","26296320"
"05/08/2020 14:44:31.604","0","3.1250015625007816489","389.06269453134723335","0","0","100","100","100","100","221540352","114520064","165937152","36118528","26296320"
"05/08/2020 14:44:32.604","6.2500081250105630204","4.6875060937579222653","376.56298953188638734","0","0","100","100","100","100","224514048","114520064","151654400","36118528","26296320"
"05/08/2020 14:44:33.604","0","3.1250031250031251595","384.37538437538438529","1.5625015625015625798","0","100","100","100","100","224514048","114520064","153522176","36118528","26296320"
"05/08/2020 14:44:34.597","0","3.1455812233864954841","388.47928108823219873","0","0","100","100","100","100","224514048","115568640","151871488","36118528","26296320"
"05/08/2020 14:44:35.669","0","1.4579228988788410781","396.55502849504478036","0","0","100","100","100","100","224514048","115568640","153776128","36118528","26296320"
"05/08/2020 14:44:41.601","0.26339683947730130331","5.004539950068725318","387.72014771058758242","0","0","100","100","100","100","224514048","115568640","160096256","36118528","26296320"
"05/08/2020 14:44:42.601","0","3.1250028125025317571","387.50034875031388992","0","0","100","100","100","100","224514048","115568640","161705984","36118528","26296320"
"05/08/2020 14:44:43.601","3.1250021875015314698","4.6875032812522965386","385.93777015643911454","0","0","100","100","100","100","224514048","115568640","159592448","36118528","26296320"
"05/08/2020 14:44:44.601","3.124999062500281255","4.6874985937504218825","376.56238703128389034","0","0","100","100","100","100","224514048","115568640","161058816","36118528","26296320"
"05/08/2020 14:44:45.588","0","4.7512417085130698169","384.85057838955867737","0","0","100","100","100","100","224514048","115568640","162603008","36118528","26296320"
"05/08/2020 14:44:46.592","0","0","393.5956358364812786","0","0","100","100","100","100","224514048","115568640","164130816","36118528","26296320"
"05/08/2020 14:44:47.670","0","2.8985458853262899837","392.75296746171227369","0","0","100","100","100","100","224514048","115568640","162553856","36118528","26296320"
"05/08/2020 14:44:51.751","4.594901702922034481","8.0410779801135596756","964.92935761362707581","0","0","100","100","100","100","228691968","115568640","159985664","36118528","26296320"
"05/08/2020 14:44:58.609","0","0","43.516026401168659277","0","0","100","100","100","100","228691968","114520064","161284096","36118528","26296320"
"05/08/2020 14:44:59.609","0","3.1250012500005004412","387.50015500006196589","0","0","100","100","100","100","228663296","114520064","163115008","36118528","26296320"
"05/08/2020 14:45:00.600","0","3.1541971412577667344","380.08075552156088861","0","0","100","100","100","100","228663296","114520064","160956416","36118528","26296320"
"05/08/2020 14:45:01.608","0","3.1001805743578065844","392.17284265626250317","0","0","100","100","100","100","228663296","114520064","162709504","36118528","26296320"
"05/08/2020 14:45:02.608","0","1.562498125002250049","389.0620331255602764","0","0","100","100","100","100","228663296","114520064","164417536","36118528","26296320"
"05/08/2020 14:45:03.608","0","6.2500175000490001409","382.8135718780012553","0","0","100","100","100","100","228663296","114520064","166162432","36118528","26296320"
"05/08/2020 14:45:04.686","0","1.4492709262895704381","395.6509628770527911","0","0","100","100","100","100","228663296","114520064","163983360","36118528","26296320"
"05/08/2020 14:45:10.601","3.4338713963981519761","3.6980153499672403505","383.80116453588573222","0","0","100","100","100","100","229605376","114520064","148504576","36118528","26296320"
"05/08/2020 14:45:11.601","3.1258527326254599288","3.1258527326254599288","387.60573884555708446","0","0","100","100","100","100","229617664","114520064","150573056","36118528","26296320"
"05/08/2020 14:45:12.601","0","0","395.31277671894372361","0","0","100","100","100","100","229617664","114520064","152477696","36118528","26296320"
"05/08/2020 14:45:13.601","0","4.6874934375091870109","385.9369596882564224","0","0","100","100","100","100","229617664","114520064","154365952","36118528","26296320"
"05/08/2020 14:45:14.610","0","9.2908334110459929178","380.92416985288571141","0","0","100","100","100","100","229617664","114520064","156127232","36122624","26296320"
"05/08/2020 14:45:15.610","1.562501875002249907","6.250007500008999628","384.37546125055348512","0","0","100","100","100","100","229617664","114520064","157949952","36122624","26296320"
"05/08/2020 14:45:16.685","4.3590527831773204781","2.9060351887848803187","390.86173289156641886","0","0","100","100","100","100","229617664","114520064","159703040","36122624","26296320"
"05/08/2020 14:45:22.606","1.0556520505981965563","3.9586951897432371972","382.40995532919674815","0","0","100","100","100","100","229707776","114524160","169431040","36122624","26296320"
"05/08/2020 14:45:23.606","0","3.125001875001125029","387.50023250013947518","0","0","100","100","100","100","229707776","114524160","171032576","36122624","26296320"
"05/08/2020 14:45:24.606","0","4.687496718752296232","381.24973312518682178","0","0","100","100","100","100","229707776","114524160","172711936","36122624","26296320"
"05/08/2020 14:45:25.606","4.6875093750187506458","3.1250062500124999865","381.25076250152500279","0","0","100","100","100","100","229707776","114524160","174239744","36122624","26296320"
"05/08/2020 14:45:26.600","0","6.2838441562410984886","377.03064937446595195","0","0","100","100","100","100","229670912","114524160","175783936","36122624","26296320"
"05/08/2020 14:45:27.616","0","3.0769294390664092553","393.84696820050038468","0","0","100","100","100","100","229670912","114524160","177336320","36122624","26296320"
"05/08/2020 14:45:28.647","0","1.5151472543737816157","395.45343339155698459","0","0","100","100","100","100","229670912","114524160","178978816","36122624","26296320"
"05/08/2020 14:45:34.672","1.2966526494850052487","5.9646021876310237886","385.10583689704651533","0","0","100","100","100","100","230756352","114524160","175587328","36122624","26296320"
"05/08/2020 14:45:35.610","0","1.6666654222231513938","394.999705066886861","0","0","100","100","100","100","230756352","114524160","177180672","36122624","26296320"
"05/08/2020 14:45:36.601","0","4.7288805420714501437","389.344497963882759","0","0","100","100","100","100","230756352","114524160","178860032","36122624","26296320"
"05/08/2020 14:45:37.590","0","3.1605859857898028764","385.59149026635594737","0","0","100","100","100","100","230756352","114524160","180527104","36122624","26296320"
"05/08/2020 14:45:38.590","1.5624973437545157662","4.6874920312635470765","389.06183859487441623","0","0","100","100","100","100","230719488","114524160","182157312","36122624","26296320"
"05/08/2020 14:45:39.605","0","4.6153800710103913829","390.76884601221320281","1.538460023670130683","0","100","100","100","100","230719488","114524160","183881728","36122624","26296320"
"05/08/2020 14:45:40.605","0","6.2499993750000628623","387.49996125000387792","0","0","100","100","100","100","230719488","114524160","185499648","36122624","26296320"
"05/08/2020 14:45:41.658","0","5.9369296688513619742","384.41619605812570626","0","0","100","100","100","100","230719488","114524160","187199488","36122624","26296320"
"05/08/2020 14:45:47.739","0","2.826471985909064788","388.25447006441788744","0","0","100","100","100","100","230719488","114524160","197906432","36122624","26296320"
"05/08/2020 14:45:48.614","0","7.1428685714468569401","383.92918571526860205","0","0","100","100","100","100","230719488","114524160","199254016","36122624","26296320"
"05/08/2020 14:45:49.614","1.562498125002250049","1.562498125002250049","389.0620331255602764","0","0","100","100","100","100","230969344","114524160","184508416","36122624","26296320"
"05/08/2020 14:45:50.614","0","3.1250031250031251595","389.06288906288904172","0","0","100","100","100","100","230969344","114524160","186535936","36122624","26296320"
"05/08/2020 14:45:51.604","1.5779106645048870394","6.3116426580195481577","388.16602346820218372","0","0","100","100","100","100","230969344","114524160","188481536","36122624","26296320"
"05/08/2020 14:45:52.593","0","1.5802872390768778477","385.59008633475815486","0","0","100","100","100","100","230969344","114524160","190283776","36122624","26296320"
"05/08/2020 14:45:53.593","0","7.8125","384.375","0","0","100","100","100","100","230969344","114524160","192151552","36122624","26296320"
"05/08/2020 14:45:54.656","0","5.8823568166115496325","386.76496069220939944","0","0","100","100","100","100","230969344","114524160","194269184","36122624","26296320"
"05/08/2020 14:46:00.608","0.78755203072748292126","3.150208122909931685","387.73811646149738408","0","0","100","100","100","100","230969344","114524160","204378112","36122624","26296320"
"05/08/2020 14:46:01.600","0","0","385.75834359083137315","0","0","100","100","100","100","230969344","114524160","205983744","36122624","26296320"
"05/08/2020 14:46:02.610","1.5464858299338686276","3.0929716598677372552","392.80740080320265406","0","0","100","100","100","100","230969344","114524160","207532032","36122624","26296320"
"05/08/2020 14:46:03.610","0","4.6874962500029999646","390.62468750024999053","0","0","100","100","100","100","230969344","114524160","209231872","36122624","26296320"
"05/08/2020 14:46:04.601","1.5771135340061006591","6.3084541360244026365","387.96992936550071818","0","0","100","100","100","100","230969344","114524160","210837504","36122624","26296320"
"05/08/2020 14:46:05.601","0","4.6875","385.9375","0","0","100","100","100","100","230969344","114524160","212455424","36122624","26296320"
"05/08/2020 14:46:06.679","0","4.3478309262813787939","389.85550638989695926","0","0","100","100","100","100","230969344","114524160","214249472","36122624","26296320"
"05/08/2020 14:46:12.666","1.826892288769076389","5.2196922536259320324","382.86442680346215184","0","0","100","100","100","100","231567360","114524160","218845184","36122624","26296320"
"05/08/2020 14:46:13.604","0","5.0000080000127997693","386.66728533432319637","0","0","100","100","100","100","231571456","114524160","220545024","36122624","26296320"
"05/08/2020 14:46:14.604","0","3.125000937500281406","384.37511531253460362","0","0","100","100","100","100","231571456","114524160","222425088","36122624","26296320"
"05/08/2020 14:46:15.604","0","0","393.74948812566543666","0","0","100","100","100","100","231571456","114524160","225218560","36122624","26296320"
"05/08/2020 14:46:16.604","0","3.125000937500281406","378.12511343753402571","0","0","100","100","100","100","231571456","114524160","227074048","36122624","26296320"
"05/08/2020 14:46:17.607","0","4.6722874991315777038","383.12757492878938592","0","0","100","100","100","100","231571456","114524160","228798464","36122624","26296320"
"05/08/2020 14:46:18.598","0","6.3044992437122706619","387.72670348830462217","0","0","100","100","100","100","231571456","114524160","230612992","36122624","26296320"
"05/08/2020 14:46:19.681","1.4423378260733508149","2.8846756521467016299","389.43121303980473158","0","0","100","100","100","100","231649280","114524160","232402944","36122624","26296320"
"05/08/2020 14:46:25.737","0.51607211223427307267","3.8705408417570472679","385.50586783900195087","0","0","100","100","100","100","231649280","114524160","243818496","36122624","26296320"
"05/08/2020 14:46:26.612","8.9285551020706712677","3.5714220408282684183","383.92786938903884675","0","0","100","100","100","100","233353216","114524160","230252544","36122624","26296320"
"05/08/2020 14:46:27.603","0","3.1526134257346676293","395.65298492970077859","0","0","100","100","100","100","233353216","114524160","232202240","36122624","26296320"
"05/08/2020 14:46:28.595","0","3.1490445295050357721","382.60891033486183233","0","0","100","100","100","100","233353216","114524160","234168320","36122624","26296320"
"05/08/2020 14:46:29.606","0","3.093497981999900226","391.32749472298741011","0","0","100","100","100","100","233353216","114524160","235270144","36122624","26296320"
"05/08/2020 14:46:30.606","0","6.2500012500002508631","381.25007625001524048","0","0","100","100","100","100","233353216","114524160","236310528","36122624","26296320"
"05/08/2020 14:46:31.606","0","0","393.75003937500395068","0","0","100","100","100","100","233353216","114524160","238108672","36122624","26296320"
"05/08/2020 14:46:32.676","0","1.4603086246621779232","388.44209416013939062","0","0","100","100","100","100","233353216","114524160","239878144","36122624","26296320"
"05/08/2020 14:46:38.792","0.51094660174729022994","4.5985194157256117364","388.31941732794052768","0","0","100","100","100","100","233353216","114524160","172269568","36122624","26296320"
"05/08/2020 14:46:39.604","0","5.7692385798922307671","388.46206437941026479","0","0","100","100","100","100","233353216","114524160","173625344","36122624","26296320"
"05/08/2020 14:46:40.601","0","4.7043264347919642177","381.05044121814904656","0","0","100","100","100","100","233353216","114524160","175120384","36122624","26296320"
"05/08/2020 14:46:41.601","0","6.2499968750015622021","382.81230859384567111","0","0","100","100","100","100","233353216","114524160","176652288","36122624","26296320"
"05/08/2020 14:46:42.601","0","4.6875018750007502177","384.37515375006148588","1.5625006250002502206","0","100","100","100","100","233353216","114524160","174714880","36122624","26296320"
"05/08/2020 14:46:43.599","0","0","380.36241506929900424","0","0","100","100","100","100","233353216","114524160","176263168","36122624","26296320"
"05/08/2020 14:46:44.599","0","1.5624996875000625174","384.37492312501535707","0","0","100","100","100","100","233353216","114524160","177885184","36122624","26296320"
"05/08/2020 14:46:45.693","5.7142825795935561217","4.2857119346951675354","365.71408509398759179","0","0","100","100","100","100","233492480","114524160","162697216","36122624","26296320"
"05/08/2020 14:46:51.613","0.26390875570543287365","3.9586313355814923831","387.41805337557536859","0","0","100","100","100","100","233594880","114524160","166023168","36122624","26296320"
"05/08/2020 14:46:52.613","0","3.125","393.75","0","0","100","100","100","100","233594880","114524160","167632896","36122624","26296320"
"05/08/2020 14:46:53.608","0","4.7129309755440358387","392.74424796200293031","0","0","100","100","100","100","233594880","114524160","169287680","36122624","26296320"
"05/08/2020 14:46:54.608","0","3.1249987500005000918","389.06234437506225277","0","0","100","100","100","100","233594880","114524160","170954752","36122624","26296320"
"05/08/2020 14:46:55.608","0","3.1249975000020002724","385.93719125024699679","0","0","100","100","100","100","233594880","114532352","168759296","36122624","26296320"
"05/08/2020 14:46:56.603","0","9.4202530114162410513","384.66033129949653357","0","0","100","100","100","100","233594880","114532352","170311680","36122624","26296320"
"05/08/2020 14:46:57.697","0","0","391.42889351863237835","0","0","100","100","100","100","233594880","114532352","172019712","36122624","26296320"
"05/08/2020 14:47:03.734","1.8117530369991690087","5.4352591109975074701","386.67986246810841067","0","0","100","100","100","100","233594880","114532352","174448640","36122624","26296320"
"05/08/2020 14:47:04.609","0","3.5714269387762564989","391.07124979600007464","0","0","100","100","100","100","233594880","114532352","175775744","36122624","26296320"
"05/08/2020 14:47:05.609","1.5625001562500155927","4.6875004687500467782","382.81253828125380778","0","0","100","100","100","100","235573248","114532352","162230272","36122624","26296320"
"05/08/2020 14:47:06.595","0","3.1690324381146273147","386.62195744998456348","0","0","100","100","100","100","235573248","114532352","163000320","36122624","26296320"
"05/08/2020 14:47:07.610","0","1.5384622958583611396","387.69249855630698676","0","0","100","100","100","100","235573248","114532352","165007360","36122624","26296320"
"05/08/2020 14:47:08.600","1.5795158078952944436","1.5795158078952944436","390.1404045501377027","0","0","100","100","100","100","235573248","114532352","163594240","36122624","26296320"
"05/08/2020 14:47:09.608","0","0","393.7291825770459468","0","0","100","100","100","100","235573248","114532352","165376000","36122624","26296320"
"05/08/2020 14:47:10.670","0","0","397.05986989895126271","0","0","100","100","100","100","235573248","114532352","167256064","36122624","26296320"
"05/08/2020 14:47:16.606","0.26321438109716110976","3.6850013353602548705","384.02978202075803438","0","0","100","100","100","100","235573248","114532352","169684992","36122624","26296320"
"05/08/2020 14:47:17.606","0","4.687495312504687206","387.49961250038751359","0","0","100","100","100","100","235573248","114532352","171220992","36122624","26296320"
"05/08/2020 14:47:18.597","0","1.5771038236970524871","389.54464445317194077","0","0","100","100","100","100","235573248","114532352","172761088","36122624","26296320"
"05/08/2020 14:47:19.605","1.5508851112250137128","3.1017702224500274255","387.7212778062533971","0","0","100","100","100","100","235573248","114532352","174309376","36122624","26296320"
"05/08/2020 14:47:20.605","0","1.5624996875000625174","396.87492062501587498","0","0","100","100","100","100","235573248","114532352","172429312","36122624","26296320"
"05/08/2020 14:47:21.605","0","4.687494843755671603","393.74956687547643241","0","0","100","100","100","100","235573248","114532352","173981696","36122624","26296320"
"05/08/2020 14:47:22.667","0","1.4705901730129338212","388.23580567541455366","0","0","100","100","100","100","235573248","114532352","175538176","36122624","26296320"
"05/08/2020 14:47:25.439","1.6908440837951665969","10.708679197369388447","1167.8096472078618717","0","0","100","100","100","100","236777472","114532352","160686080","36122624","26296320"
"05/08/2020 14:47:31.610","0.25321662496708791101","0","35.956760745326484141","0","0","100","100","100","100","236777472","114532352","161640448","36122624","26296320"
"05/08/2020 14:47:32.610","7.8124953125028122614","0","379.68727218763666542","0","0","100","100","100","100","236777472","114532352","163893248","36122624","26296320"
"05/08/2020 14:47:33.610","3.1249987500005000918","4.6874981250007499156","382.81234687506128012","0","0","100","100","100","100","236777472","114532352","165732352","36122624","26296320"
"05/08/2020 14:47:34.607","0","1.5675515917596045679","395.0230011234203289","0","0","100","100","100","100","236855296","114532352","167469056","36122624","26296320"
"05/08/2020 14:47:35.607","0","1.562500468750140703","393.75011812503544206","0","0","100","100","100","100","236855296","114532352","169136128","36122624","26296320"
"05/08/2020 14:47:36.607","1.562498593751265652","3.1249971875025313039","387.4996512503138888","0","0","100","100","100","100","236855296","114532352","170815488","36122624","26296320"
"05/08/2020 14:47:37.685","0","2.8985534131509917977","391.30471077538391","0","0","100","100","100","100","236855296","114532352","172617728","36122624","26296320"
"05/08/2020 14:47:43.989","1.4872458318686274659","5.2053604115401963526","383.70942462210592794","0","0","100","100","100","100","236888064","114532352","173719552","36122624","26296320"
"05/08/2020 14:47:50.046","0.51589279143580324405","4.1271423314864259524","386.40370078541661769","0","0","100","100","100","100","238960640","114532352","177872896","36122624","26296320"
"05/08/2020 14:47:50.608","0","2.7777841975457011614","388.88978765639814128","0","0","100","100","100","100","238960640","114532352","178868224","36122624","26296320"
"05/08/2020 14:47:51.608","0","4.6874939062579219495","389.06199421940755201","0","0","100","100","100","100","238960640","114532352","180621312","36122624","26296320"
"05/08/2020 14:47:52.608","0","3.1250028125025317571","384.37534593781134618","0","0","100","100","100","100","238960640","114532352","182374400","36122624","26296320"
"05/08/2020 14:47:53.608","0","3.1250025000020000832","387.50031000024802097","0","0","100","100","100","100","238960640","114532352","183980032","36122624","26296320"
"05/08/2020 14:47:54.599","0","7.8854864858154103402","375.34915672481355386","0","0","100","100","100","100","238960640","114532352","185610240","36122624","26296320"
"05/08/2020 14:47:55.607","0","3.100228553809352583","389.0786835030737052","0","0","100","100","100","100","238960640","114532352","187273216","36122624","26296320"
"05/08/2020 14:47:56.658","0","1.486630694485356452","386.52398056619267663","0","0","100","100","100","100","238960640","114532352","188989440","36122624","26296320"
"05/08/2020 14:48:03.016","0.73728903093702524707","3.1949191340604428113","385.35640016975185063","0","0","100","100","100","100","238968832","114532352","187125760","36122624","26296320"
"05/08/2020 14:48:09.042","1.0372034763874238283","3.1116104291622717071","387.65479929979971985","0","0","100","100","100","100","241205248","114532352","197582848","36122624","26296320"
"05/08/2020 14:48:09.595","0","5.6536578261549976787","384.44873217853978531","0","0","100","100","100","100","241205248","114532352","198451200","36122624","26296320"
"05/08/2020 14:48:10.599","0","4.667135421302687881","387.37223996812309679","0","0","100","100","100","100","241205248","114532352","200261632","36122624","26296320"
"05/08/2020 14:48:11.599","0","4.6874990625001871081","387.49992250001548655","0","0","100","100","100","100","241205248","114532352","201809920","36122624","26296320"
"05/08/2020 14:48:12.615","0","0","396.92331141315628429","0","0","100","100","100","100","241205248","114532352","203513856","36122624","26296320"
"05/08/2020 14:48:13.615","0","7.8124953125028122614","390.62476562514063971","0","0","100","100","100","100","241205248","114532352","205176832","36122624","26296320"
"05/08/2020 14:48:14.605","0","6.3116279980990386278","396.05465688071467412","0","0","100","100","100","100","241205248","114532352","206782464","36122624","26296320"
"05/08/2020 14:48:15.656","0","1.486339941402534226","389.42106464746393613","0","0","100","100","100","100","241205248","114532352","208642048","36122624","26296320"
"05/08/2020 14:48:22.104","0.96932165211306464681","5.0889386735935886463","382.63972217163228606","0","0","100","100","100","100","241205248","114532352","218796032","36122624","26296320"
"05/08/2020 14:48:22.604","12.500007500004500116","0","362.50021750013047495","0","0","100","100","100","100","242532352","114532352","203997184","36122624","26296320"
"05/08/2020 14:48:23.604","0","1.5624993750002500459","387.4998450000620096","0","0","100","100","100","100","242552832","114532352","204918784","36122624","26296320"
"05/08/2020 14:48:24.604","0","1.5624998437500157156","389.06246109375388187","0","0","100","100","100","100","242552832","114532352","206880768","36122624","26296320"
"05/08/2020 14:48:25.599","0","0","389.54675656836144526","0","0","100","100","100","100","242552832","114532352","208670720","36122624","26296320"
"05/08/2020 14:48:26.599","6.2499993750000628623","4.6874995312500464806","382.81246171875380924","0","0","100","100","100","100","242552832","114532352","210386944","36122624","26296320"
"05/08/2020 14:48:27.599","0","1.5624973437545157662","393.7493306261379189","0","0","100","100","100","100","242552832","114532352","212152320","36122624","26296320"
"05/08/2020 14:48:28.677","4.3478301197264883626","4.3478301197264883626","385.50760394908195394","0","0","100","100","100","100","242552832","114532352","213966848","36122624","26296320"
"05/08/2020 14:48:35.177","0.2403671462400178982","2.6440386086401965748","389.39477690882898742","0","0","100","100","100","100","242634752","114532352","225476608","36122624","26296320"
"05/08/2020 14:48:35.603","0","0","392.23674477344172828","0","0","100","100","100","100","242634752","114532352","226205696","36122624","26296320"
"05/08/2020 14:48:36.603","4.6874892187747967398","6.2499856250330623197","378.12413031450029166","0","0","100","100","100","100","242634752","114532352","227762176","36122624","26296320"
"05/08/2020 14:48:37.603","3.125008437522781346","6.250016875045562692","376.56351672149514798","0","0","100","100","100","100","242634752","114532352","229380096","36122624","26296320"
"05/08/2020 14:48:38.596","0","0","387.30582060568735869","0","0","100","100","100","100","242634752","114532352","230895616","36122624","26296320"
"05/08/2020 14:48:39.611","0","3.0769218650892349309","387.69215500124357732","0","0","100","100","100","100","242634752","114532352","232468480","36122624","26296320"
"05/08/2020 14:48:40.615","0","4.6722879648440605038","389.35733040367171043","0","0","100","100","100","100","242634752","114532352","234049536","36122624","26296320"
"05/08/2020 14:48:48.237","2.2547705040466490267","4.5095410080932980534","388.02550583275512963","0","0","100","100","100","100","245370880","114532352","233779200","36122624","26296320"
"05/08/2020 14:48:48.612","0","0","400.00224001254406403","0","0","100","100","100","100","245370880","114532352","234459136","36122624","26296320"
"05/08/2020 14:48:49.612","1.5624993750002500459","1.5624993750002500459","390.62484375006249593","0","0","100","100","100","100","245460992","114532352","237236224","36122624","26296320"
"05/08/2020 14:48:50.603","1.5778950486208791482","3.1557900972417582963","389.74007700935715093","0","0","100","100","100","100","245460992","114532352","238886912","36122624","26296320"
"05/08/2020 14:48:51.596","0","3.1474536193752609137","388.71052199284474682","0","0","100","100","100","100","245460992","114532352","240607232","36122624","26296320"
"05/08/2020 14:48:52.596","0","0","389.0622665626400476","0","0","100","100","100","100","245460992","114532352","242307072","36122624","26296320"
"05/08/2020 14:48:53.611","0","4.6153823431963854063","389.23057760956180573","0","0","100","100","100","100","245460992","114532352","244011008","36122624","26296320"
"05/08/2020 14:48:59.606","0.5213022447024431294","4.1704179576195450352","386.80626556921282599","0","0","100","100","100","100","245460992","114532352","177864704","36122624","26296320"
"05/08/2020 14:49:00.596","0","1.577882460531226938","386.58120283015057339","0","0","100","100","100","100","245460992","114532352","179421184","36122624","26296320"
"05/08/2020 14:49:01.600","6.2227834121901040021","4.6670875591425780016","379.58978814359636544","0","0","100","100","100","100","247848960","114532352","164229120","36122624","26296320"
"05/08/2020 14:49:02.600","0","4.6874943750067492587","384.37453875055348362","0","0","100","100","100","100","247848960","114532352","165384192","36122624","26296320"
"05/08/2020 14:49:03.600","0","0","385.93742281251542181","0","0","100","100","100","100","247848960","114532352","167473152","36122624","26296320"
"05/08/2020 14:49:04.600","4.6874976562511712075","1.5624992187503905505","384.37480781259608875","0","0","100","100","100","100","247848960","114532352","165314560","36122624","26296320"
"05/08/2020 14:49:05.684","0","5.7657204212315411596","387.74469832782119738","0","0","100","100","100","100","247848960","114532352","167415808","36122624","26296320"
"05/08/2020 14:49:11.590","1.5875749525886617697","3.9689373814716537581","388.16207590792777182","0","0","100","100","100","100","247848960","114532352","174473216","36122624","26296320"
"05/08/2020 14:49:12.605","0","4.6153837065090543845","387.69223134676059317","0","0","100","100","100","100","247848960","114532352","170188800","36122624","26296320"
"05/08/2020 14:49:13.605","1.5625045312631407057","1.5625045312631407057","387.5011237532588666","0","0","100","100","100","100","247848960","114532352","171786240","36122624","26296320"
"05/08/2020 14:49:14.605","1.5624967187568905569","4.6874901562706714486","392.18667640797957574","0","0","100","100","100","100","247848960","114532352","173441024","36122624","26296320"
"05/08/2020 14:49:15.605","0","4.6875028125016875435","390.62523437514062152","0","0","100","100","100","100","247848960","114532352","175104000","36122624","26296320"
"05/08/2020 14:49:16.600","0","4.7130072666277156301","377.04058133021726462","0","0","100","100","100","100","247848960","114532352","173223936","36122624","26296320"
"05/08/2020 14:49:17.662","0","2.9411806228432322285","400.00056470667954045","0","0","100","100","100","100","247848960","114532352","175005696","36122624","26296320"
"05/08/2020 14:49:19.975","5.4053967567705942798","16.891864864908107791","2232.4288605462556916","0","0","100","100","100","100","249835520","114532352","170811392","36122624","26296320"
"05/08/2020 14:49:31.599","0","0.53767515165944923528","20.028399399314480434","0","0","100","100","100","100","249835520","114532352","171769856","36122624","26296320"
"05/08/2020 14:49:32.603","0","4.6671386741064750936","393.59536151631277789","0","0","100","100","100","100","249835520","114532352","173338624","36122624","26296320"
"05/08/2020 14:49:33.603","4.687500937500186815","7.8125015625003122466","381.25007625001524048","0","0","100","100","100","100","249835520","114532352","174968832","36122624","26296320"
"05/08/2020 14:49:34.603","0","1.562497031255640545","387.49926375139887114","0","0","100","100","100","100","249860096","114532352","172675072","36122624","26296320"
"05/08/2020 14:49:35.603","1.5625034375075625981","4.6875103125226882383","382.81334218935285207","0","0","100","100","100","100","249860096","114532352","174239744","36122624","26296320"
"05/08/2020 14:49:36.594","4.7337243448550756497","3.1558162299033831744","381.85376381830940318","0","0","100","100","100","100","249860096","114532352","175779840","36122624","26296320"
"05/08/2020 14:49:37.680","5.7518151578275071856","4.3138613683706310553","378.18184662715862032","0","0","100","100","100","100","249860096","114532352","177573888","36122624","26296320"
"05/08/2020 14:49:39.408","3.6170065746183825972","6.3297615055821694341","381.59419362223940198","0","0","100","100","100","100","249872384","114532352","157724672","36122624","26296320"
"05/08/2020 14:49:45.608","0.75606866680956297255","4.0323662229843355576","386.85513451755969072","0","0","100","100","100","100","250990592","114532352","168812544","36122624","26296320"
"05/08/2020 14:49:46.598","0","6.3115578863774164375","385.0050310690223796","0","0","100","100","100","100","250990592","114532352","170434560","36122624","26296320"
"05/08/2020 14:49:47.603","1.5557104130443506484","6.2228416521774025938","388.92760326108765412","0","0","100","100","100","100","250990592","114532352","168370176","36122624","26296320"
"05/08/2020 14:49:48.603","1.562500468750140703","4.687501406250421887","385.93761578128476231","0","0","100","100","100","100","250990592","114532352","170078208","36122624","26296320"
"05/08/2020 14:49:49.603","0","6.2500068750075614687","382.81292109421320902","0","0","100","100","100","100","251072512","114532352","171720704","36122624","26296320"
"05/08/2020 14:49:50.603","0","1.5624982812518906083","390.62457031297265075","0","0","100","100","100","100","251072512","114532352","173404160","36122624","26296320"
"05/08/2020 14:49:51.593","0","1.5779105051575710306","381.85434224813212722","0","0","100","100","100","100","251072512","114532352","171073536","36122624","26296320"
"05/08/2020 14:49:52.660","4.3916091830398347184","2.9277394553598896643","382.06999892446560807","0","0","100","100","100","100","251072512","114532352","172851200","36122624","26296320"
"05/08/2020 14:49:58.299","1.108380691632389059","4.7106179394376539449","387.1019565526119095","0","0","100","100","100","100","254312448","114532352","180887552","36122624","26296320"
"05/08/2020 14:49:58.612","20","0","370","0","0","100","100","100","100","254644224","114532352","165093376","36122624","26296320"
"05/08/2020 14:49:59.612","0","6.2500087500122498696","390.62554687576562173","0","0","100","100","100","100","254652416","114532352","163180544","36122624","26296320"
"05/08/2020 14:50:00.612","0","3.1249959375052811517","389.06199421940755201","0","0","100","100","100","100","254652416","114532352","165470208","36122624","26296320"
"05/08/2020 14:50:01.609","0","6.268829683720992918","387.10023296977129803","0","0","100","100","100","100","254656512","114532352","167256064","36122624","26296320"
"05/08/2020 14:50:02.603","0","4.7119190492809934767","391.08928109032251541","0","0","100","100","100","100","254656512","114532352","169000960","36122624","26296320"
"05/08/2020 14:50:03.603","0","4.6875018750007502177","390.62515625006250275","0","0","100","100","100","100","254656512","114532352","170668032","36122624","26296320"
"05/08/2020 14:50:04.681","0","0","395.65221061121957291","0","0","100","100","100","100","254758912","114532352","169185280","36122624","26296320"
"05/08/2020 14:50:10.613","0.79032598506357221169","1.8440939651483352346","389.894152631362374","0","0","100","100","100","100","254763008","115580928","174886912","36122624","26296320"
"05/08/2020 14:50:11.613","0","3.1249984375007811011","389.06230546884728483","0","0","100","100","100","100","254763008","115580928","176451584","36122624","26296320"
"05/08/2020 14:50:12.607","0","3.1419438749287156298","389.6010404911607452","0","0","100","100","100","100","254763008","115580928","174489600","36122624","26296320"
"05/08/2020 14:50:13.607","1.5624987500010001362","4.6874962500029999646","385.93719125024699679","0","0","100","100","100","100","254763008","115580928","176017408","36122624","26296320"
"05/08/2020 14:50:14.607","1.562501875002249907","3.125003750004499814","385.93796312555576833","0","0","100","100","100","100","254763008","115580928","177557504","36122624","26296320"
"05/08/2020 14:50:15.607","0","1.5624987500010001362","390.62468750024999053","0","0","100","100","100","100","254763008","115580928","178995200","36122624","26296320"
"05/08/2020 14:50:24.425","1.772079762257098734","3.5441595245141974679","385.60455626714468735","0","0","100","100","100","100","255946752","115580928","171253760","36122624","26296320"
"05/08/2020 14:50:24.612","0","8.3334177786334890925","383.33721781714052668","0","0","100","100","100","100","255946752","115580928","171618304","36122624","26296320"
"05/08/2020 14:50:25.612","0","0","392.18695093826869424","0","0","100","100","100","100","255946752","115580928","169660416","36122624","26296320"
"05/08/2020 14:50:26.612","0","0","399.99760001439994994","0","0","100","100","100","100","255909888","115580928","171298816","36122624","26296320"
"05/08/2020 14:50:27.602","0","3.1558139990495193139","394.47674988118990314","0","0","100","100","100","100","255909888","115580928","172908544","36122624","26296320"
"05/08/2020 14:50:28.591","1.5802893168396643375","4.7408679505189921244","384.01030399203841625","0","0","100","100","100","100","255909888","115580928","174432256","36122624","26296320"
"05/08/2020 14:50:29.591","3.1249971875025313039","3.1249971875025313039","389.06214984406511803","0","0","100","100","100","100","255909888","115580928","176001024","36122624","26296320"
"05/08/2020 14:50:30.669","0","7.2463828607485920585","379.71046190322613256","0","0","100","100","100","100","255909888","115580928","173912064","36122624","26296320"
"05/08/2020 14:50:36.601","0.26339682615674614441","5.5313333492916694212","385.87635031963310439","0","0","100","100","100","100","255909888","115580928","179392512","36122624","26296320"
"05/08/2020 14:50:37.591","0","3.1557849982362946584","383.42787728570982608","0","0","100","100","100","100","255909888","115580928","180846592","36122624","26296320"
"05/08/2020 14:50:38.596","7.7785729761074104971","3.1114291904429642877","378.03864663882012564","0","0","100","100","100","100","257499136","115580928","163737600","36122624","26296320"
"05/08/2020 14:50:39.611","0","3.0769212591726713413","393.84592117410193168","0","0","100","100","100","100","257511424","115580928","165179392","36122624","26296320"
"05/08/2020 14:50:40.611","4.6875004687500467782","3.1250003125000311854","389.06253890625390568","0","0","100","100","100","100","257511424","115580928","167223296","36122624","26296320"
"05/08/2020 14:50:41.611","3.125000937500281406","12.500003750001125624","376.56261296878386702","0","0","100","100","100","100","257515520","115580928","169107456","36122624","26296320"
"05/08/2020 14:50:42.695","0","1.4414152123594365928","393.50635297412617319","0","0","100","100","100","100","257515520","115580928","171159552","36122624","26296320"
"05/08/2020 14:50:49.351","0.23477732734088432864","4.9303238741585708738","386.91303545777742556","0","0","100","100","100","100","257601536","114532352","175255552","36122624","26296320"
"05/08/2020 14:50:49.601","0","0","399.99792001081596027","0","0","100","100","100","100","257601536","114532352","175665152","36122624","26296320"
"05/08/2020 14:50:50.601","12.500013750015122937","4.6875051562556713236","375.00041250045376273","0","0","100","100","100","100","257601536","114532352","177250304","36122624","26296320"
"05/08/2020 14:50:51.601","6.2499862500302496571","4.6874896875226879089","382.81165781435282724","0","0","100","100","100","100","257601536","114532352","175149056","36122624","26296320"
"05/08/2020 14:50:52.601","7.8125078125078131208","3.1250031250031251595","381.25038125038128101","0","0","100","100","100","100","257601536","114532352","176754688","36122624","26296320"
"05/08/2020 14:50:53.595","3.1419691469689503549","6.2839382939379007098","372.32334391582060107","0","0","100","100","100","100","257601536","114532352","178331648","36122624","26296320"
"05/08/2020 14:50:54.611","0","4.6153946130394079006","381.53928801125772452","0","0","100","100","100","100","257601536","114532352","179937280","36122624","26296320"
"05/08/2020 14:50:55.705","0","1.428570122450173896","391.42821355134759642","0","0","100","100","100","100","257601536","114532352","173527040","36122624","26296320"
"05/08/2020 14:50:57.611","3.2786183514078754975","4.9179275271118125801","340.15665395856706255","0","0","100","100","100","100","259571712","127238144","128856064","36122624","26296320"
"05/08/2020 14:50:58.606","6.280912137174317067","9.4213682057614747123","6.280912137174317067","0","0","100","100","100","100","261558272","127238144","130744320","36122624","26296320"
"05/08/2020 14:50:59.606","1.5623198645196207934","6.2492794580784831737","0","0","0","100","100","100","100","261574656","127238144","127139840","36122624","26296320"
"05/08/2020 14:51:00.606","0","0","0","0","0","100","100","100","100","261849088","123568128","126857216","36122624","26296320"
"05/08/2020 14:51:01.606","0","0","0","0","0","100","100","100","100","261849088","123568128","126857216","36122624","26296320"
"05/08/2020 14:51:02.606","0","0","0","0","0","100","100","100","100","262062080","123568128","126857216","36122624","26296320"
"05/08/2020 14:51:03.605","0","0","0","0","0","100","100","100","100","262070272","123568128","126873600","36122624","26296320"
"05/08/2020 14:51:04.605","0","0","0","0","0","100","100","100","100","261308416","123568128","126873600","36122624","26296320"
"05/08/2020 14:51:05.605","0","0","0","0","0","100","100","100","100","261201920","123568128","126873600","36122624","26296320"
"05/08/2020 14:51:06.605","0","0","0","0","0","100","100","100","100","261201920","123568128","126873600","36122624","26296320"
"05/08/2020 14:51:07.605","0","0","0","0","0","100","100","100","100","261201920","123568128","126873600","36122624","26296320"
"05/08/2020 14:51:08.595","0","0","0","0","0","100","100","100","100","261201920","123568128","126136320","36122624","26296320"
"05/08/2020 14:51:09.604","0","0","0","0","0","100","100","100","100","261201920","123568128","126140416","36122624","26296320"
"05/08/2020 14:51:10.604","0","0","0","0","0","100","100","100","100","261201920","123568128","126140416","36122624","26296320"
"05/08/2020 14:51:11.604","0","0","0","0","0","100","100","100","100","261201920","123568128","126140416","36122624","26296320"
"05/08/2020 14:51:12.604","4.6874985937504218825","0","0","0","0","100","100","100","100","261668864","123568128","126173184","36122624","26296320"
"05/08/2020 14:51:13.601","25.05782594493312132","9.396684729349919607","1.5661141215583200825","0","0","100","100","100","100","262492160","124354560","126173184","36122624","26296320"
"05/08/2020 14:51:14.598","10.977973593042831268","10.977973593042831268","0","0","0","100","100","100","100","262508544","124592128","126173184","36122624","26296320"
