(PDH-CSV 4.0) (Central European Summer Time)(-120),\\DESKTOP-940RFIL\Proces(chrome#6)\Bajty prywatne,\\DESKTOP-940RFIL\Proces(chrome#5)\Bajty prywatne,\\DESKTOP-940RFIL\Proces(chrome#4)\Bajty prywatne,\\DESKTOP-940RFIL\Proces(chrome#3)\Bajty prywatne,\\DESKTOP-940RFIL\Proces(chrome#2)\Bajty prywatne,\\DESKTOP-940RFIL\Proces(chrome#1)\Bajty prywatne,\\DESKTOP-940RFIL\Proces(chrome)\Bajty prywatne,\\DESKTOP-940RFIL\Proces(chrome#6)\Czas procesora (%),\\DESKTOP-940RFIL\Proces(chrome#5)\Czas procesora (%),\\DESKTOP-940RFIL\Proces(chrome#4)\Czas procesora (%),\\DESKTOP-940RFIL\Proces(chrome#3)\Czas procesora (%),\\DESKTOP-940RFIL\Proces(chrome#2)\Czas procesora (%),\\DESKTOP-940RFIL\Proces(chrome#1)\Czas procesora (%),\\DESKTOP-940RFIL\Proces(chrome)\Czas procesora (%)
13:47.7,55619584,48689152,16224256,109481984,4091904,4042752,86966272,3.37905694,337.905694,1.788912498,11.72731526,0,0,7.950722212
13:48.7,45338624,49078272,16224256,92483584,4091904,4042752,86966272,7.735148515,357.3638614,0,13.92326733,0,0,0
13:49.8,45522944,50401280,16224256,92246016,4091904,4042752,86966272,1.560293121,374.4703491,0,9.361758728,0,0,0
13:50.8,45522944,51888128,15380480,91807744,4091904,4042752,86962176,0,391.6320149,0,4.662285892,0,0,0
13:51.7,45522944,53161984,15380480,91832320,4091904,4042752,86962176,0,379.453801,0,9.486345026,0,0,0
13:52.7,45522944,54644736,15380480,91832320,4091904,4042752,86761472,0,380.5963258,0,6.23928403,0,0,0
13:53.8,45522944,55050240,15405056,91832320,4091904,4042752,86761472,0,388.9416697,0,1.543419324,0,0,0
13:54.7,45522944,58028032,15405056,91832320,4091904,4042752,86761472,0,378.357318,0,9.498510076,0,0,0
13:55.8,45522944,58433536,15405056,91832320,4091904,4042752,86761472,0,387.1305276,1.54852211,6.194088441,0,0,0
13:56.8,45522944,59924480,15405056,91832320,4091904,4042752,86761472,0,374.7916597,0,6.272663761,0,0,0
13:57.8,45854720,66498560,15413248,111767552,4091904,4042752,87597056,3.109992111,377.8640415,0,12.43996844,0,0,3.109992111
13:58.7,45854720,66629632,15413248,111771648,4091904,4042752,87601152,0,389.4376505,0,6.332319521,0,0,0
13:59.7,45854720,67190784,15413248,110718976,4091904,4042752,87601152,0,386.6498729,0,1.559072068,0,0,0
14:00.8,45854720,62124032,15413248,110325760,4091904,4042752,87601152,0,390.618916,0,3.100150127,0,0,0
14:01.7,45854720,62124032,15413248,110321664,4091904,4042752,87597056,0,377.9732547,0,6.325912212,0,0,0
14:02.8,45854720,61112320,15413248,101212160,4091904,4042752,87703552,0,300.7966651,12.340376,12.340376,0,0,32.39348701
14:03.8,45854720,61358080,15413248,96710656,4059136,3952640,87588864,0,299.1922723,0,3.132903375,0,0,20.36387194
14:04.8,45854720,61603840,15413248,96317440,4059136,4001792,88338432,0,297.8307793,0,6.204807902,0,0,26.37043358
14:05.8,45854720,61865984,15368192,92123136,4059136,4022272,89538560,0,307.9821366,0,4.690083298,0,0,28.14049979
14:06.8,45854720,62214144,15368192,92123136,4059136,4022272,90619904,0,301.8746384,0,3.128234595,0,0,23.46175946
14:07.7,45854720,63447040,15368192,92123136,4059136,4042752,92868608,0,296.1039972,0,1.575021262,0,0,29.92540397
14:14.0,45854720,63086592,15396864,92123136,4059136,4063232,94830592,0,351.739617,0,6.994821929,0,0,9.243157549
14:14.7,45854720,64647168,15396864,92123136,4059136,4063232,94830592,0,392.4905964,0,0,0,0,0
14:15.8,45854720,68845568,15372288,111730688,4059136,4063232,94830592,3.106302235,371.2031171,0,9.318906705,0,0,3.106302235
14:16.8,45854720,70004736,15335424,111730688,4059136,4063232,94830592,0,375.8109157,0,14.03443254,0,0,0
14:17.7,45854720,70311936,15335424,110678016,4059136,4063232,94830592,0,370.1486895,0,11.02570565,0,0,0
14:18.7,45854720,70770688,15249408,110678016,4059136,4063232,94830592,0,366.0886848,0,18.69389029,0,0,0
14:19.8,45854720,71098368,15249408,110678016,4059136,4063232,94445568,0,353.4831476,0,21.80072276,0,0,0
14:20.8,45854720,72474624,15249408,106221568,4059136,4063232,94400512,0,381.3973632,0,10.89706752,0,0,0
14:21.8,45854720,72802304,15249408,92073984,4059136,4063232,94408704,0,374.2972608,0,3.132194651,0,0,0
14:22.7,45817856,57155584,15212544,93130752,4059136,4063232,93392896,0,350.7679986,0,9.480216179,0,0,4.74010809
14:23.7,45817856,57401344,15212544,93130752,4059136,4063232,93392896,0,360.5380599,0,0,0,0,0
14:24.8,45817856,58232832,15212544,93130752,4059136,4063232,93392896,0,373.5783729,0,9.224157355,0,0,0
14:25.8,45817856,59129856,15212544,93130752,4059136,4063232,93392896,0,385.2981358,0,1.566252585,0,0,0
14:26.8,45817856,59437056,15212544,93130752,4059136,4063232,93392896,0,378.4957807,0,6.282087647,0,0,0
14:27.8,45817856,60887040,15212544,93130752,4059136,4063232,93392896,0,390.5394734,0,3.075113964,0,0,0
14:28.8,45817856,61194240,15212544,93130752,4059136,4063232,92598272,0,382.321427,0,9.440035235,0,0,0
14:29.7,45817856,62943232,15212544,93130752,4059136,4063232,92704768,0,388.7222756,0,1.580171852,0,0,0
14:30.8,45817856,63193088,15212544,93130752,4059136,4063232,92811264,0,394.0617929,0,1.551424381,0,0,0
14:31.7,45916160,71987200,15749120,116908032,4059136,4063232,92811264,4.755855917,380.4684734,0,0,0,0,3.170570611
14:32.7,45916160,69238784,15749120,112705536,4059136,4063232,92811264,0,370.7627119,0,7.789132602,0,0,0
14:33.8,45916160,69718016,16625664,93179904,3993600,4063232,89133056,0,2383.395285,1.554726213,29.53979806,0,1.554726213,1.554726213
14:39.8,45953024,70029312,16625664,93179904,3993600,4063232,89133056,0,51.03457881,0,1.301902521,0,0,0
14:40.8,45953024,70336512,16625664,93179904,3993600,4063232,89092096,0,385.3135,0,9.322100807,0,0,0
14:41.7,45953024,69804032,16625664,93179904,3993600,4038656,88920064,0,378.336657,0,4.748995695,0,0,0
14:42.7,45953024,70127616,16625664,93179904,3993600,4038656,88920064,0,380.7438772,0,10.92298008,0,0,0
14:43.8,45953024,71421952,16625664,93179904,3993600,4038656,89116672,0,394.008744,0,4.653646583,0,0,0
14:44.7,45953024,71729152,16625664,93179904,3993600,4038656,89116672,0,389.5355621,0,3.154134106,0,0,0
14:45.8,45953024,73220096,16658432,93179904,3993600,4038656,89116672,0,386.1458625,0,1.54458345,0,0,0
14:46.7,45953024,73527296,16658432,93179904,3993600,4038656,89128960,0,380.6674918,0,4.758343648,0,0,0
14:47.7,45953024,69292032,16658432,93179904,3993600,4038656,89128960,0,372.7031423,0,10.87050832,0,0,0
14:48.8,46452736,68009984,16658432,112582656,3993600,4038656,89128960,6.224026515,365.6615578,1.556006629,12.44805303,0,0,1.556006629
14:49.8,46452736,68317184,16658432,112582656,3993600,4038656,89128960,0,368.6438398,0,9.254657067,0,0,0
14:50.8,46452736,68685824,16658432,111529984,3993600,4038656,89128960,0,364.7670271,0,23.58407503,0,0,0
14:51.8,46452736,64798720,16662528,112582656,3993600,4038656,89128960,1.569368341,390.7727168,0,0,0,0,0
14:52.7,46452736,65630208,16662528,112582656,3993600,4038656,89128960,0,389.5451208,0,4.750550253,0,0,0
14:53.8,46452736,66523136,16662528,108126208,3993600,4038656,89083904,0,393.7013687,0,4.613687914,0,0,0
14:54.7,46452736,74633216,16662528,94232576,3993600,4038656,89083904,0,387.4620445,0,9.488866397,0,0,0
14:55.7,46452736,74956800,16662528,94232576,3993600,4038656,89083904,0,393.7368831,0,3.112544531,0,0,0
14:56.8,46452736,75264000,16662528,94232576,3993600,4038656,89083904,0,393.328316,0,3.109314751,0,0,0
14:57.7,46452736,76685312,16662528,94232576,3993600,4038656,89083904,0,377.8928453,0,4.723660566,0,0,0
14:58.8,46452736,73809920,16662528,94232576,3993600,4038656,89083904,0,389.2930178,0,3.07741516,0,0,0
14:59.8,46452736,75165696,16662528,94232576,3993600,4038656,89083904,0,383.0971412,0,6.254647203,0,0,0
15:00.8,46452736,74960896,16662528,94232576,3993600,4038656,89083904,0,375.7991723,0,12.57905179,0,0,0
15:01.7,46452736,76410880,16617472,103276544,3993600,4038656,88784896,7.883350032,3416.643904,1.576670006,59.91346024,0,0,3.153340013
15:14.9,46780416,78503936,16531456,119152640,3993600,4038656,89006080,0.237253708,316.1405656,0,3.202925055,0,0,0.593134269
15:34.8,46743552,73289728,16556032,94498816,3993600,4038656,88977408,0,273.7011076,0,4.095671251,0,0,0.078762909
15:35.7,46743552,73601024,16556032,94498816,3993600,4038656,88977408,0,391.797034,0,3.1596535,0,0,0
15:36.7,46743552,74633216,16556032,94498816,3993600,4038656,88977408,0,391.3948208,0,0,0,0,0
15:37.8,47661056,83079168,16556032,114597888,3993600,4038656,88977408,6.176322037,365.9470807,1.544080509,6.176322037,0,0,3.088161018
15:38.8,47661056,83255296,16556032,114597888,3993600,4038656,88977408,0,378.6816403,0,17.28422425,0,0,0
15:39.7,46813184,79167488,16556032,113545216,3993600,4038656,88977408,0,374.4312437,0,11.05915066,0,0,0
15:40.7,46813184,76328960,16556032,113545216,3993600,4038656,88977408,0,382.4624582,0,4.66417632,0,0,0
15:41.8,46813184,83496960,16556032,113545216,3993600,4038656,88977408,0,395.3795554,0,1.550508061,0,0,0
15:42.7,46813184,83525632,16556032,109088768,3993600,4038656,88977408,0,382.1768775,0,6.316973181,0,0,0
15:43.8,46813184,83832832,16556032,94539776,3993600,4038656,88977408,0,371.9497382,0,15.56275055,0,0,0
15:44.8,46813184,84156416,16556032,94539776,3993600,4038656,88977408,0,389.4614838,0,3.115691871,0,0,0
15:45.7,46813184,84463616,16556032,94539776,3993600,4038656,88977408,0,379.6433837,0,3.137548626,0,0,0
15:46.8,46813184,85819392,16556032,94539776,3993600,4038656,88977408,0,384.4335738,0,6.175639739,0,0,0
15:47.8,46813184,86192128,16556032,94539776,3993600,4038656,88977408,0,376.8726425,0,7.851513385,0,0,0
15:48.8,46813184,88465408,16556032,94539776,3993600,4038656,88977408,0,373.8581305,0,4.712497443,0,0,0
15:49.8,46813184,88776704,16556032,94539776,3993600,4038656,88977408,0,382.1486868,0,7.735803377,0,0,0
15:50.8,46813184,89870336,16556032,94539776,3993600,4038656,88977408,0,377.2515884,0,7.859408091,0,0,0
15:51.7,46813184,90439680,16556032,94539776,3993600,4038656,88977408,0,375.6930179,0,11.04979464,0,0,0
15:52.8,46813184,82960384,16556032,94539776,3993600,4038656,88977408,0,389.2400822,0,1.538498349,0,0,0
15:53.7,47394816,77484032,16556032,114565120,3993600,4038656,88977408,1.580964719,363.6218854,0,22.13350607,0,0,0
15:54.8,47394816,77922304,16556032,114565120,3993600,4038656,88977408,0,389.5934244,0,6.159579832,0,0,0
15:55.8,47394816,78553088,16556032,113512448,3993600,4038656,88977408,0,386.6913161,0,3.131103774,0,0,0
15:56.8,47394816,76242944,16601088,112861184,3993600,4038656,88977408,0,368.7500369,0,10.93750109,0,0,3.125000313
16:03.3,47394816,83927040,16601088,94437376,3993600,4038656,88932352,0,372.3062452,0,9.867198483,0,0,0
16:03.8,47394816,84049920,16601088,94437376,3993600,4038656,88932352,0,385.6573106,0,6.270850578,0,0,0
16:04.7,47394816,84623360,16601088,94437376,3993600,4038656,88932352,0,379.4375362,0,3.148859221,0,0,0
16:05.8,47394816,85278720,16601088,94437376,3993600,4038656,88932352,0,385.7531689,0,4.629038027,0,0,0
16:06.8,47394816,85540864,16601088,94437376,3993600,4038656,88932352,0,388.6677354,0,3.147107169,0,0,0
16:07.8,47394816,88350720,16601088,94437376,3993600,4038656,88932352,0,381.8857397,0,3.11743461,0,0,0
16:08.7,47394816,88817664,16601088,94437376,3993600,4038656,88932352,0,363.9613271,0,12.60472128,0,0,0
16:09.8,49004544,82235392,16601088,118366208,3993600,4038656,88887296,4.654948874,352.2244648,1.551649625,13.96484662,0,0,1.551649625
16:10.8,48930816,82604032,16601088,118366208,3993600,4038656,88887296,0,384.8527476,0,7.697054952,0,0,0
16:11.8,47546368,82419712,16601088,117309440,3993600,4038656,88887296,0,384.7596442,0,4.692190783,0,0,0
16:12.8,47546368,80896000,16601088,117309440,3993600,4038656,88887296,0,381.2496569,0,10.93749016,0,0,0
16:13.8,47546368,81203200,16601088,117309440,3993600,4038656,88887296,0,378.0910844,0,6.275370696,0,0,0
16:14.8,47546368,80527360,16601088,108511232,3993600,4038656,88887296,0,364.5832965,0,11.04797868,0,0,0
16:15.8,47546368,76115968,16601088,108511232,3993600,4038656,88887296,0,353.7154119,0,24.60628953,0,0,0
16:16.8,47546368,76767232,16601088,104218624,3993600,4038656,88887296,0,370.8967269,0,14.2045555,0,0,0
16:17.7,47546368,73404416,16601088,96038912,3993600,4038656,88887296,0,379.3221483,0,6.322035805,0,0,0
16:18.8,47546368,74436608,16601088,96038912,3993600,4038656,88887296,0,382.1470372,0,7.704577362,0,0,0
16:19.8,47546368,75137024,16601088,96038912,3993600,4038656,88887296,0,383.9040929,0,9.401732887,0,0,0
16:20.7,47546368,75444224,16601088,96038912,3993600,4038656,88887296,0,374.0763231,0,14.26562249,0,0,0
16:21.7,47546368,77848576,16601088,96038912,3993600,4038656,88887296,0,367.6272663,0,10.90419858,0,0,0
16:22.8,47546368,80519168,16601088,96038912,3993600,4038656,88887296,0,397.2253413,0,1.551661489,0,0,0
16:23.7,47546368,81874944,16601088,96038912,3993600,4038656,88887296,0,362.4858947,0,17.26123308,0,0,0
16:24.8,47546368,80424960,16601088,96038912,3993600,4038656,88887296,0,381.5778585,0,12.35879704,0,0,0
16:25.8,49508352,93601792,16601088,124493824,3993600,4038656,88887296,1.555371267,379.5105891,0,3.110742534,0,0,1.555371267
16:31.8,49500160,84779008,16556032,113946624,3993600,4038656,88887296,0.2608902,375.9427779,0,8.870266792,0,0,0
16:32.7,49500160,85086208,16556032,98217984,3993600,4038656,88887296,0,384.5531744,0,3.165046703,0,0,0
16:33.8,49500160,83668992,16556032,97169408,3993600,4038656,88887296,0,378.7327904,0,12.31651351,0,0,0
16:34.8,49500160,83976192,16556032,94941184,3993600,4038656,88887296,0,376.9926323,0,9.424815806,0,0,0
16:35.8,49500160,85184512,16556032,94941184,3993600,4038656,88887296,0,373.9564698,0,13.90747202,0,0,0
16:36.7,49500160,85491712,16556032,94941184,3993600,4038656,88887296,0,383.7576022,0,7.928876079,0,0,0
16:37.8,49500160,86786048,16556032,94941184,3993600,4038656,88887296,0,376.6026591,0,12.44967468,0,0,0
16:38.8,49500160,87093248,16556032,94941184,3993600,4038656,88887296,0,371.2796296,0,9.28199074,0,0,0
16:39.8,49500160,83865600,16556032,94941184,3993600,4038656,88887296,0,385.9113294,0,7.875741416,0,0,0
16:40.7,49500160,84172800,16556032,94941184,3993600,4038656,88887296,0,366.9558019,0,14.11368469,0,0,0
16:41.8,49500160,82468864,16556032,94941184,3993600,4038656,88887296,0,390.5232016,0,6.174279867,0,0,0
16:42.8,49618944,83292160,16556032,117575680,3993600,4038656,88887296,6.331670316,373.5685486,1.582917579,3.165835158,0,0,0
16:43.8,49618944,83435520,16556032,117575680,3993600,4038656,88887296,0,373.7938835,0,12.40809572,0,0,0
16:44.8,48513024,83804160,16556032,116518912,3993600,4038656,88887296,0,386.4156507,0,6.257743332,0,0,0
16:45.7,48513024,80965632,16556032,116518912,3993600,4038656,88887296,0,379.1708797,0,7.899393327,0,0,0
16:46.7,48513024,87302144,16556032,116518912,3993600,4038656,88887296,0,387.544411,0,6.225613029,0,0,0
16:47.8,48513024,87932928,16556032,106631168,3993600,4038656,88887296,0,393.8401254,0,3.08894216,0,0,0
16:48.8,48513024,88240128,16556032,96374784,3993600,4038656,88887296,0,386.4177389,0,1.577215261,0,0,0
16:49.8,48513024,88563712,16556032,96374784,3993600,4038656,88887296,0,378.137552,0,9.336729679,0,0,0
16:50.8,48513024,84742144,16556032,96301056,3993600,4038656,88887296,0,386.0806587,0,7.81539795,0,0,0
16:51.8,48513024,86036480,16556032,96301056,3993600,4038656,88887296,0,384.7418128,0,6.255964436,0,0,0
16:52.7,48513024,84836352,16556032,96301056,3993600,4038656,88887296,0,380.027745,0,6.30751444,0,0,0
16:53.7,48513024,86257664,16556032,96301056,3993600,4038656,88887296,0,393.5624851,0,1.555582945,0,0,0
16:54.8,49844224,86757376,16650240,118419456,3993600,4038656,88887296,9.337455957,2446.413461,1.55624266,37.34982383,0,0,3.112485319
17:00.8,49844224,82161664,16650240,118419456,3993600,4038656,88887296,0,30.99558253,0,0.52093416,0,0,0
17:01.8,49844224,79384576,16650240,118419456,3993600,4038656,88887296,0,403.4775113,0,0,0,0,0
17:02.7,49844224,77398016,16650240,118419456,3993600,4038656,88887296,0,374.5725511,0,11.06332429,0,0,0
17:03.8,49844224,77971456,16650240,107794432,3993600,4038656,88887296,0,390.8618825,0,4.653117648,0,0,0
17:04.8,49844224,78344192,16650240,97685504,3993600,4038656,88887296,0,388.1508888,0,6.235355644,0,0,0
17:05.7,49844224,78667776,16650240,97685504,3993600,4038656,88924160,0,392.0634619,0,0,0,0,0
17:06.7,49844224,81338368,16650240,96956416,3993600,4038656,88924160,0,373.1342541,0,7.773630294,0,0,0
17:07.8,49844224,82759680,16650240,96956416,3993600,4038656,88924160,0,371.2102755,0,10.87226748,0,0,0
17:08.8,49844224,83132416,16650240,96956416,3993600,4038656,88924160,0,390.4876681,0,1.555727761,0,0,0
17:09.8,49844224,88420352,16650240,96956416,3993600,4038656,88924160,0,380.4010563,0,6.261745783,0,0,0
17:10.7,49844224,89518080,16650240,96956416,3993600,4038656,88924160,0,388.5289101,0,3.145983078,0,0,0
17:11.7,49844224,89825280,16650240,96956416,3993600,4038656,88924160,0,385.4466722,0,7.802564215,0,0,0
17:12.8,49844224,91181056,16650240,96956416,3993600,4038656,88924160,0,382.3897435,0,10.79325889,0,0,0
17:13.8,49844224,87625728,16650240,96956416,3993600,4038656,88924160,0,392.9901219,0,4.734820745,0,0,0
17:14.7,49758208,88195072,16650240,123830272,3993600,4038656,88924160,1.585597075,364.6873274,1.585597075,11.09917953,0,0,3.171194151
17:15.7,49758208,88367104,16650240,119623680,3993600,4038656,88924160,0,374.1231675,0,17.14731185,0,0,0
17:16.7,49754112,89886720,16650240,118566912,3993600,4038656,88924160,0,366.9154229,0,17.10199005,0,0,0
17:17.8,49754112,89206784,16650240,118566912,3993600,4038656,88924160,0,379.3531206,0,6.218903616,0,0,0
17:18.8,49754112,89513984,16650240,118566912,3993600,4038656,88924160,0,369.4627357,0,18.70697396,0,0,0
17:19.7,49754112,87314432,16650240,108679168,3993600,4038656,88924160,0,382.7124593,0,1.574948392,0,0,0
17:20.8,49754112,87621632,16650240,108679168,3993600,4038656,88924160,0,376.6523181,0,12.34925633,0,0,0
17:21.7,49754112,88080384,16650240,98734080,3993600,4038656,88924160,0,383.3138428,0,9.503648996,0,0,0
17:22.8,49754112,83746816,16650240,98455552,3993600,4038656,88924160,0,389.1913759,0,4.614917501,0,0,0
17:28.8,49754112,89292800,16711680,95637504,3993600,4038656,88928256,0,382.6257117,0,5.994817008,0,0,3.127730613
17:29.7,49754112,89538560,16711680,95637504,3993600,4038656,88928256,0,374.4792787,0,7.867211737,0,0,0
17:30.8,49889280,88793088,16711680,123396096,3993600,4038656,88928256,0,373.7849746,0,4.672312182,0,0,0
17:31.8,49909760,96542720,16711680,119189504,3993600,4038656,88928256,1.557757873,387.8817105,0,3.115515747,0,0,1.557757873
17:32.7,49909760,96849920,16711680,118132736,3993600,4038656,88928256,0,379.1718765,0,6.319531275,0,0,0
17:33.7,49905664,97218560,16711680,118132736,3993600,4038656,88928256,0,364.5314058,0,14.02043868,0,0,0
17:34.7,49905664,95719424,16711680,118132736,3993600,4038656,88928256,0,364.838372,0,17.15052176,0,0,0
17:35.8,49905664,93716480,16711680,118132736,3993600,4038656,88928256,0,386.4960764,0,4.675355763,0,0,0
17:36.8,49905664,94228480,16711680,113602560,3993600,4038656,88928256,0,378.599839,0,4.654916053,0,0,0
17:37.7,49905664,94810112,16711680,97972224,3993600,4038656,88928256,0,372.1104926,0,6.306957503,0,0,0
17:38.8,49905664,95268864,16711680,97972224,3993600,4038656,88891392,0,384.9232657,0,4.675181365,0,0,0
17:39.8,49905664,95576064,16711680,97783808,3993600,4038656,88891392,0,387.3381095,0,3.111149474,0,0,0
17:40.7,49905664,96935936,16711680,95637504,3993600,4038656,88891392,0,384.9588864,0,6.310801416,0,0,0
17:41.8,49905664,97378304,16666624,95637504,3993600,4038656,88891392,0,352.2031296,0,7.757778184,0,0,0
17:42.8,49905664,98803712,16666624,95637504,3993600,4038656,88891392,0,389.0718377,0,1.562537501,0,0,0
17:43.7,49905664,99049472,16666624,95637504,3993600,4038656,88891392,0,384.8573626,0,6.283385512,0,0,0
17:44.8,49905664,100405248,16666624,95637504,3993600,4038656,88891392,0,373.7621492,0,13.90024522,0,0,0
17:45.8,49905664,100712448,16666624,95637504,3993600,4038656,88891392,0,378.2431632,0,4.688964833,0,0,0
17:46.8,49905664,101089280,16666624,95637504,3993600,4038656,88891392,0,389.1826796,0,6.251930596,0,0,0
17:47.7,50978816,94830592,16666624,120889344,3993600,4038656,88891392,3.156887723,367.7774197,3.156887723,9.470663169,0,0,3.156887723
17:48.8,50978816,88121344,16666624,120889344,3993600,4038656,88891392,0,387.5492126,0,1.537893701,0,0,0
17:49.8,49934336,88752128,16666624,119832576,3993600,4038656,88891392,0,381.5219805,0,1.583078757,0,0,0
17:50.8,49934336,85651456,16666624,119832576,3993600,4038656,88891392,0,382.767377,0,6.223859789,0,0,0
17:57.3,49934336,92086272,16703488,97853440,3993600,4038656,88891392,0,376.7537597,0,6.7320391,0,0,0
17:57.7,49934336,92209152,16703488,97853440,3993600,4038656,88891392,0,357.8737702,0,15.83512258,0,0,0
17:58.7,49934336,94351360,16629760,95756288,3993600,4038656,88891392,0,383.8709391,0,3.120901944,0,0,0
17:59.8,49934336,94662656,16629760,95756288,3993600,4038656,88891392,0,396.0167214,0,4.622763285,0,0,0
18:00.8,49934336,95756288,16629760,95756288,3993600,4038656,88891392,0,384.5975712,0,7.848930024,0,0,0
18:01.7,49934336,97386496,16629760,95756288,3993600,4038656,88891392,0,376.1289051,0,6.321494203,0,0,0
18:02.8,49934336,86298624,16629760,95756288,3993600,4038656,88891392,0,382.9277297,0,6.151449473,0,0,0
18:03.8,51073024,87326720,16629760,119504896,3993600,4038656,88891392,4.744944673,360.6157951,0,14.23483402,0,0,1.581648224
18:04.8,51073024,87695360,16629760,119504896,3993600,4038656,88891392,0,387.2162962,0,6.19546074,0,0,0
18:05.7,51068928,92196864,16629760,118448128,3993600,4038656,88891392,0,369.2317444,0,9.50811359,0,0,0
18:06.7,51068928,89419776,16629760,118448128,3993600,4038656,88891392,0,380.2243069,0,9.349778039,0,0,0
18:07.8,51068928,89186304,16629760,118448128,3993600,4038656,88891392,0,387.8971521,0,9.30953165,0,0,0
18:08.7,51068928,89493504,16629760,108822528,3993600,4038656,88891392,0,376.3467355,0,9.448035202,0,0,0
18:09.7,51068928,85667840,16629760,108822528,3993600,4038656,88891392,0,371.4718787,0,10.92564349,0,0,0
18:10.8,51068928,86056960,16629760,98828288,3993600,4038656,88891392,0,380.2581543,0,9.237040186,0,0,0
18:11.8,51068928,84529152,16629760,95756288,3993600,4038656,88891392,0,387.5941854,0,7.814398899,0,0,0
18:12.8,51068928,85884928,16629760,95756288,3993600,4038656,88891392,0,382.9147382,0,6.251669196,0,0,0
18:13.8,51068928,86261760,16629760,95756288,3993600,4038656,88891392,0,386.8329754,0,6.28996708,0,0,0
18:14.7,51068928,86568960,16629760,95756288,3993600,4038656,88891392,0,389.0366045,0,3.150093964,0,0,0
18:15.8,51068928,90349568,16629760,95756288,3993600,4038656,88891392,0,383.3456661,0,1.539540828,0,0,0
18:16.8,51068928,90656768,16629760,95756288,3993600,4038656,88891392,0,387.8340083,0,6.280712685,0,0,0
18:17.8,51068928,97718272,16629760,95756288,3993600,4038656,88891392,0,385.9659843,0,7.813076605,0,0,0
18:18.7,51068928,98230272,16629760,95756288,3993600,4038656,88891392,0,393.6101536,0,1.580763669,0,0,0
18:24.6,51421184,93057024,16629760,113745920,3993600,4038656,88891392,0.537015259,382.623372,0,5.907167848,0,0,0
18:24.8,51421184,93118464,16629760,113672192,3993600,4038656,88891392,0,354.7266618,0,16.8917458,0,0,0
18:25.8,51421184,93425664,16629760,113672192,3993600,4038656,88891392,0,370.7633772,0,9.346975897,0,0,0
18:26.7,51421184,89014272,16629760,98041856,3993600,4038656,88891392,0,376.3501111,0,9.448119945,0,0,0
18:27.8,51421184,86519808,16629760,97853440,3993600,4038656,88891392,0,392.2727764,0,1.538324613,0,0,0
18:28.7,51421184,86040576,16629760,97853440,3993600,4038656,88891392,0,389.4337049,0,1.583063841,0,0,0
18:29.8,51421184,87527424,16629760,97853440,3993600,4038656,88891392,0,385.3618055,0,10.79013055,0,0,0
18:30.7,51421184,87773184,16629760,95756288,3993600,4038656,88891392,0,373.8160675,0,6.335865551,0,0,0
18:31.8,51421184,89128960,16584704,95756288,3993600,4038656,88891392,0,386.9258501,0,4.624611755,0,0,0
18:32.8,51421184,92647424,16584704,95756288,3993600,4038656,88891392,0,383.4392314,0,7.825290437,0,0,0
18:33.8,51421184,94003200,16584704,95760384,4030464,4042752,88891392,0,374.7889938,0,9.369724845,0,0,0
18:34.8,51421184,92413952,16584704,95760384,4030464,4042752,88891392,0,377.8479915,0,11.02056642,0,0,0
18:35.7,51421184,93114368,16584704,95760384,4030464,4042752,88891392,0,383.1250126,0,4.729938427,0,0,0
18:36.7,51654656,100188160,16584704,118075392,4030464,4042752,88891392,1.559400224,374.2560538,0,6.237600897,0,0,3.118800448
18:37.8,51654656,100556800,16584704,118075392,4030464,4042752,88891392,0,371.1041883,0,10.77895983,0,0,0
18:38.8,51650560,100925440,16584704,117018624,4030464,4042752,88891392,0,391.2589815,0,4.732971551,0,0,0
18:39.7,51650560,99463168,16584704,117018624,4030464,4042752,88920064,0,391.1982559,0,7.918993035,0,0,0
18:40.7,51650560,98459648,16584704,117018624,4030464,4042752,88920064,0,377.048088,0,7.758191111,0,0,0
18:41.8,51650560,94408704,16584704,107507712,4030464,4042752,88920064,0,393.8393677,0,3.07687006,0,0,0
18:42.8,51650560,94728192,16584704,97808384,4030464,4042752,88920064,0,384.8097395,0,4.711955994,0,0,0
18:43.7,51650560,95035392,16584704,97808384,4030464,4042752,88920064,0,379.6872774,0,6.32812129,0,0,0
18:44.8,51650560,95342592,16584704,95105024,4030464,4042752,88928256,0,392.2391258,0,1.544248527,0,0,0
18:45.7,51650560,96698368,16584704,95105024,4030464,4042752,88928256,0,365.3050312,0,18.89508782,0,0,0
18:46.8,51642368,100134912,16584704,110530560,4030464,4042752,88928256,4.62775339,4499.718879,1.542584463,97.18282119,0,0,4.62775339
18:58.7,51642368,95723520,16584704,99028992,4030464,4042752,88928256,0,29.87090443,0,0.260881261,0,0,0
18:59.7,51642368,95985664,16584704,99028992,4030464,4042752,88928256,0,373.1344397,0,9.328360994,0,0,0
19:00.8,51642368,93933568,16584704,97644544,4030464,4042752,88928256,0,381.0642597,0,6.171081129,0,0,0
19:01.8,51642368,95289344,16584704,97644544,4030464,4042752,88928256,0,384.9165005,0,1.564701222,0,0,0
19:02.7,51642368,96776192,16584704,97644544,4030464,4042752,88928256,0,385.4506032,0,3.172432948,0,0,0
19:03.8,51642368,98131968,16547840,96595968,4030464,4042752,88928256,0,379.5252045,0,4.647247402,0,0,0
19:04.8,51642368,95924224,16547840,96595968,4030464,4042752,88928256,0,374.9336414,0,12.34349437,0,0,0
19:05.8,51642368,95916032,16547840,96595968,4030464,4042752,88928256,0,374.6121033,0,12.59200347,0,0,0
19:06.7,51642368,97210368,16547840,96595968,4030464,4042752,88928256,0,381.7779301,0,1.584140789,0,0,0
19:07.8,51642368,97579008,16547840,96595968,4030464,4042752,88928256,0,386.1695876,0,4.61557276,0,0,0
19:08.7,51961856,99098624,16547840,119885824,4030464,4042752,88928256,4.734250726,378.7400581,1.578083575,4.734250726,0,0,1.578083575
19:09.8,51961856,94752768,16547840,119885824,4030464,4042752,88928256,0,393.7007487,0,4.613680648,0,0,0
19:10.8,51957760,95059968,16547840,118829056,4030464,4042752,88928256,0,401.2885318,0,0,0,0,0
19:11.7,51957760,88354816,16547840,118829056,4030464,4042752,88928256,0,386.2897646,0,1.576692917,0,0,0
19:12.8,51957760,88723456,16547840,118829056,4030464,4042752,88928256,0,374.6862997,0,12.33535143,0,0,0
19:13.7,51957760,90079232,16547840,108810240,4030464,4042752,88928256,0,374.2074793,0,12.6849993,0,0,0
19:14.8,51957760,90386432,16547840,98095104,4030464,4042752,88928256,0,392.1639745,0,3.075795878,0,0,0
19:15.8,51957760,93069312,16547840,98095104,4030464,4042752,88928256,0,392.1869117,0,6.249990625,0,0,0
19:16.7,51957760,93442048,16547840,95760384,4030464,4042752,88928256,0,382.8043622,0,6.32734483,0,0,0
19:17.7,51957760,99516416,16547840,95760384,4030464,4042752,88928256,0,388.5600918,0,1.560482296,0,0,0
19:18.8,51957760,99889152,16547840,95760384,4030464,4042752,88891392,0,389.9356717,0,1.559742687,0,0,0
19:19.8,51957760,100261888,16547840,95760384,4030464,4042752,88891392,0,389.3594659,0,9.270463473,0,0,0
19:20.8,51957760,101556224,16547840,95760384,4030464,4042752,88891392,0,390.7286058,0,4.707573564,0,0,0
19:24.6,52895744,107315200,16584704,118845440,4030464,4042752,88895488,1.595254931,2159.975176,0.398813733,44.66713806,0,0,1.196441198
19:43.8,52895744,109031424,16584704,118845440,4030464,4042752,88895488,0,15.8083311,0,0.245725354,0,0,0.163816903
19:44.8,52895744,105205760,16584704,118845440,4030464,4042752,88895488,0,379.7310757,0,6.225099602,0,0,0
19:45.7,52895744,106299392,16584704,113750016,4030464,4042752,88895488,0,373.2287449,0,11.07034413,0,0,0
19:46.7,52895744,106606592,16584704,108761088,4030464,4042752,88895488,0,362.6120879,0,20.23157572,0,0,0
19:47.8,52895744,106913792,16584704,98045952,4030464,4042752,88895488,0,385.7137074,0,6.171419318,0,0,0
19:48.8,52895744,107499520,16584704,97857536,4030464,4042752,88895488,0,381.1636749,0,6.300226032,0,0,0
19:49.8,52895744,107806720,16584704,97857536,4030464,4042752,88862720,0,382.2781191,0,9.248664172,0,0,0
19:50.8,52895744,109228032,16584704,95727616,4030464,4042752,88862720,0,393.9588176,0,3.139114085,0,0,0
19:51.8,52895744,109535232,16584704,95727616,4030464,4042752,88862720,0,383.4958826,0,4.734517069,0,0,0
19:52.8,52895744,110956544,16584704,95727616,4030464,4042752,88862720,0,384.344737,0,9.3363094,0,0,0
19:53.8,52895744,111202304,16584704,95727616,4030464,4042752,88862720,0,386.4240078,0,3.128939335,0,0,0
19:54.7,52895744,112558080,16584704,95727616,4030464,4042752,88862720,0,374.950425,0,10.98181161,0,0,0
19:55.8,52895744,112930816,16584704,95727616,4030464,4042752,88862720,0,395.4175305,0,1.556761931,0,0,0
19:56.7,52895744,104853504,16584704,95727616,4030464,4042752,88862720,0,370.7537806,0,12.6214053,0,0,0
19:57.7,52953088,106057728,16584704,119992320,4030464,4042752,88862720,1.555789878,370.277991,0,6.223159513,0,0,3.111579757
19:58.8,52953088,106426368,16584704,119992320,4030464,4042752,88862720,0,376.2432195,0,6.218896191,0,0,0
19:59.8,52948992,106598400,16584704,118935552,4030464,4042752,88862720,0,379.3538,0,12.43782951,0,0,0
20:00.7,52948992,102711296,16584704,118935552,4030464,4042752,88862720,0,374.9005327,0,14.23672909,0,0,0
20:01.7,52948992,104132608,16584704,118935552,4030464,4042752,88862720,0,388.2856181,0,3.118759985,0,0,0
20:02.8,52948992,104701952,16584704,108851200,4030464,4042752,88862720,1.544482072,381.4870718,0,7.722410361,0,0,0
20:03.7,52948992,105009152,16584704,97955840,4030464,4042752,88862720,0,381.5482509,0,4.729936995,0,0,0
20:04.8,52948992,101138432,16584704,97955840,4030464,4042752,88862720,0,389.2838005,0,6.228540808,0,0,0
20:05.7,54321152,105422848,16474112,123613184,4030464,4042752,88862720,0,3296.684805,3.144191516,44.01868123,0,0,3.144191516
20:13.8,54173696,106672128,16474112,120037376,4030464,4042752,88862720,0.497508958,681.0897636,0.165836319,13.76441451,0,0,0.165836319
20:35.3,55189504,109633536,16474112,113819648,4030464,4042752,88862720,0.07767593,387.1368342,0,7.767592982,0,0,0.07767593
20:50.8,55189504,109694976,16474112,108781568,4030464,4042752,88862720,0,2.828803301,0,0,0,0,0
20:51.8,55189504,104497152,16474112,108781568,4030464,4042752,88862720,0,375.8114408,0,12.47506858,0,0,0
20:52.7,55189504,104804352,16474112,98017280,4030464,4042752,88862720,0,375.4094339,0,14.25605445,0,0,0
20:53.7,55189504,103493632,16474112,97943552,4030464,4042752,88862720,0,386.3527762,0,0,0,0,0
20:54.8,55189504,103677952,16474112,97943552,4030464,4042752,88862720,0,385.1835447,0,4.659478363,0,0,0
20:55.8,55189504,104914944,16474112,97943552,4030464,4042752,88862720,0,390.6637972,0,6.152185783,0,0,0
20:56.8,55189504,105222144,16474112,95846400,4030464,4042752,88862720,0,386.9037643,0,7.863897649,0,0,0
20:57.8,55189504,106659840,16474112,95846400,4030464,4042752,88862720,0,395.6091233,0,1.576131965,0,0,0
20:58.8,55189504,106967040,16474112,95846400,4030464,4042752,88862720,0,377.5506634,0,6.266401051,0,0,0
20:59.8,55189504,108597248,16474112,95846400,4030464,4042752,88862720,0,396.7744246,0,1.543869357,0,0,0
21:00.8,55189504,104185856,16474112,95846400,4030464,4042752,88862720,0,385.3839754,0,1.579442522,0,0,0
21:01.8,55160832,96481280,16474112,124571648,4030464,4042752,88862720,1.54047931,380.4983897,0,7.702396552,0,0,1.54047931
21:02.8,55312384,102064128,16474112,120365056,4030464,4042752,88862720,4.733052793,383.3772763,0,3.155368529,0,0,4.733052793
21:03.7,55312384,105123840,16474112,120365056,4030464,4042752,88862720,0,384.6890345,0,9.498494679,0,0,0
21:04.8,55308288,105492480,16474112,119308288,4030464,4042752,88862720,0,389.8229239,0,3.093832729,0,0,0
21:05.8,55308288,100823040,16474112,119308288,4030464,4042752,88862720,0,383.9610812,0,0,0,0,0
21:06.8,55308288,107483136,16474112,114671616,4030464,4042752,88862720,0,387.1262108,0,7.773618691,0,0,0
21:07.7,55308288,107790336,16474112,109027328,4030464,4042752,88862720,0,381.1750484,0,3.150207011,0,0,0
21:08.8,55308288,108163072,16474112,98017280,4030464,4042752,88862720,0,386.0804089,0,4.632964907,0,0,0
21:09.7,55308288,108486656,16474112,98017280,4030464,4042752,88862720,0,381.5222511,0,7.915399401,0,0,0
21:10.7,55308288,108859392,16474112,95846400,4030464,4042752,88862720,0,381.5393794,0,7.786517947,0,0,0
21:11.8,55308288,105979904,16474112,95846400,4030464,4042752,88862720,0,386.8437582,0,1.559853864,0,0,0
21:12.8,55390208,109301760,16474112,118480896,4030464,4042752,88862720,6.155420729,3277.761538,0,70.78733839,0,0,7.694275912
21:29.6,54398976,118919168,16580608,95846400,4030464,4042752,88862720,0.46364201,569.7233014,0.092728402,9.365568594,0,0,0.092728402
21:50.8,54898688,114761728,16580608,119734272,4030464,4042752,88862720,0.073757042,156.0699001,0,3.614095039,0,0,0.147514083
21:55.4,54898688,107335680,16580608,95846400,4030464,4042752,88862720,0,865.5849766,0,15.56464729,0,0,0
22:06.2,55640064,112177152,16543744,97288192,4030464,4042752,88862720,0.413849105,475.3746716,0,8.276982094,0,0,0
22:23.0,56258560,111386624,16543744,97681408,4030464,4042752,88862720,0.195626761,683.6177161,0.195626761,14.08512679,0,0,0.391253522
22:55.5,56512512,120287232,16543744,120635392,4030464,4042752,88862720,0.04817779,96.54829091,0,1.108089167,0,0,0.19271116
22:59.2,56508416,124796928,16543744,97943552,4030464,4042752,88862720,0,830.5391611,0,7.962396088,0,0,0.306246003
23:08.9,57110528,130445312,16543744,95846400,4030464,4042752,88862720,0.612776782,744.217402,0,14.85983697,0,0,0.459582587
23:27.7,57110528,124219392,16543744,95846400,4030464,4042752,88862720,0,7.911720938,0,0.091996755,0,0,0.091996755
23:28.7,57229312,119832576,16543744,120053760,4030464,4042752,88862720,4.656275482,364.7415794,0,7.760459137,0,0,4.656275482
23:29.8,57229312,120201216,16543744,120053760,4030464,4042752,88862720,0,372.5369458,0,12.31527094,0,0,0
23:30.8,57225216,120508416,16543744,118996992,4030464,4042752,88862720,0,364.2030538,0,11.03645618,0,0,0
23:31.8,57225216,118779904,16543744,118996992,4030464,4042752,88862720,0,387.3504883,0,9.333746706,0,0,0
23:32.7,57225216,118022144,16543744,118996992,4030464,4042752,88862720,0,383.9118355,0,3.159768193,0,0,0
23:33.8,57225216,118071296,16543744,108847104,4030464,4042752,88862720,0,384.4734252,0,7.689468504,0,0,0
23:34.7,57225216,113659904,16617472,98492416,4030464,4042752,88862720,0,389.4377294,0,6.332320804,0,0,1.583080201
23:35.8,57225216,114049024,16617472,98492416,4030464,4042752,88862720,0,387.8823614,0,3.103058891,0,0,0
23:36.8,57225216,111996928,16617472,95846400,4030464,4042752,88862720,0,376.6524118,0,6.277540197,0,0,0
23:37.8,57225216,113352704,16617472,95846400,4030464,4042752,88862720,0,378.192647,0,10.76157939,0,0,0
23:38.8,57225216,113790976,16617472,95846400,4030464,4042752,88862720,0,385.1784108,0,6.340385364,0,0,0
23:39.7,57225216,115085312,16617472,95846400,4030464,4042752,88895488,0,385.3954589,0,4.719128068,0,0,0
23:40.8,57225216,118026240,16617472,95846400,4030464,4042752,88895488,0,389.3126087,0,0,0,0,0
23:41.8,57225216,118398976,16617472,95846400,4030464,4042752,88895488,0,382.1201533,0,9.435065514,0,0,0
23:42.7,57225216,124473344,16617472,95846400,4030464,4042752,88895488,0,390.8850647,0,1.576149454,0,0,0
23:43.8,57225216,124850176,16617472,95846400,4030464,4042752,88895488,0,384.5591584,0,6.177657164,0,0,0
23:44.7,57536512,125845504,16617472,117940224,4030464,4042752,88899584,4.755647477,367.7700716,1.585215826,9.511294954,0,0,1.585215826
23:45.7,57536512,126214144,16617472,117940224,4030464,4042752,88899584,0,377.3703348,0,9.356289293,0,0,0
23:46.7,57532416,126582784,16617472,116883456,4030464,4042752,88899584,0,370.7627119,0,9.346959123,0,0,0
23:47.8,57532416,124112896,16617472,116883456,4030464,4042752,88899584,0,387.623139,0,3.113438867,0,0,0
23:48.7,57532416,124039168,16617472,116883456,4030464,4042752,88899584,0,374.8109573,0,4.704740049,0,0,0
23:49.8,57798656,118214656,16617472,121151488,4030464,4042752,88899584,9.235922705,4519.444844,1.539320451,96.9771884,0,0,1.539320451
24:02.1,57794560,122191872,16543744,97992704,4030464,4042752,88899584,0,247.5914366,0,5.310950121,0,0,0.252902387
24:16.9,58839040,119787520,16543744,120070144,4030464,4042752,88862720,0.317761921,224.6576784,0,3.389460494,0,0,0.10592064
24:25.8,59023360,130928640,16543744,97992704,4030464,4042752,88862720,0.496667129,746.3665283,0,15.02418066,0,0,0.248333565
24:42.7,59023360,131637248,16543744,97992704,4030464,4042752,88862720,0,15.51596123,0,0.235090322,0,0,0
24:43.8,59023360,132296704,16543744,97992704,4030464,4042752,88862720,0,391.3430446,0,1.55294859,0,0,0
24:44.8,59023360,133656576,16543744,97992704,4030464,4042752,88862720,0,373.5987097,0,7.848712389,0,0,0
24:45.8,59023360,133963776,16543744,97992704,4030464,4042752,88862720,0,383.4829037,0,9.353241554,0,0,0
24:46.7,59023360,134795264,16543744,97992704,4030464,4042752,88862720,0,377.5417622,0,11.01163473,0,0,0
24:47.7,59023360,127242240,16543744,97992704,4030464,4042752,88862720,0,369.7800537,0,9.361520347,0,0,0
24:48.8,59023360,127614976,16543744,97992704,4030464,4042752,88862720,0,377.9178994,0,13.99695924,0,0,0
24:49.8,59092992,123277312,16543744,119267328,4030464,4042752,88862720,4.667012283,359.3599458,0,12.44536609,0,0,3.111341522
24:50.8,59092992,122859520,16543744,118210560,4030464,4042752,88862720,0,377.6955868,0,9.403209629,0,0,0
24:51.7,59088896,123228160,16543744,118210560,4030464,4042752,88862720,0,374.8091605,0,4.744419753,0,0,0
24:52.8,59088896,125435904,16543744,118210560,4030464,4042752,88862720,0,378.6286663,0,10.77398644,0,0,0
24:53.8,59088896,125743104,16543744,118210560,4030464,4042752,88862720,0,393.7499606,0,3.124999688,0,0,0
24:54.8,59088896,126836736,16543744,108986368,4030464,4042752,88862720,0,393.7625897,0,3.137550516,0,0,0
24:55.7,59088896,127143936,16543744,98435072,4030464,4042752,88862720,0,390.6250394,0,1.575100965,0,0,0
24:56.7,59088896,127729664,16543744,98435072,4030464,4042752,88862720,0,378.4381998,0,12.45887078,0,0,0
24:57.8,59088896,128102400,16543744,96681984,4030464,4042752,88862720,0,390.7661314,0,4.633590491,0,0,0
24:58.8,59088896,126574592,16543744,96681984,4030464,4042752,88862720,0,393.7038579,0,1.562316896,0,0,0
24:59.8,59088896,126947328,16543744,96681984,4030464,4042752,88862720,0,383.63782,0,4.69760596,0,0,0
25:00.8,59088896,128630784,16543744,96681984,4030464,4042752,88862720,0,386.2717876,0,4.710631556,0,0,0
25:01.7,59088896,129462272,16543744,96681984,4030464,4042752,88862720,0,392.9931402,0,1.584649759,0,0,0
25:02.8,59088896,125165568,16543744,96681984,4030464,4042752,88862720,0,377.4025477,0,10.78292993,0,0,0
25:03.8,59088896,126574592,16543744,96681984,4030464,4042752,88862720,0,382.1025472,0,4.697982138,0,0,0
25:04.8,59179008,124805120,16543744,118456320,4030464,4042752,88862720,7.791536093,1647.13073,1.558307219,28.04952993,0,0,1.558307219
25:09.0,59179008,121507840,16543744,118456320,4030464,4042752,88862720,0,87.08868488,0,1.457551211,0,0,0
25:10.7,59179008,128577536,16543744,95895552,4030464,4042752,88862720,0,2533.609126,0,52.80282274,0,0,0
25:20.8,59179008,128765952,16543744,95895552,4030464,4042752,88862720,0,21.50903971,0,0.46758782,0,0,0
25:21.7,59383808,128241664,16543744,123564032,4030464,4042752,88862720,4.720049461,372.8839074,0,7.866749102,0,0,4.720049461
25:22.8,59383808,128610304,16543744,119357440,4030464,4042752,88862720,0,380.9079223,0,1.554726213,0,0,0
25:23.8,59379712,131276800,16543744,118300672,4030464,4042752,88862720,0,395.3167405,0,0,0,0,0
25:24.8,59379712,127004672,16543744,118300672,4030464,4042752,88862720,0,375.860043,0,15.66083512,0,0,0
25:25.7,59379712,127311872,16543744,118300672,4030464,4042752,88862720,0,374.8102227,0,4.744433198,0,0,0
25:26.7,59379712,128667648,16543744,108625920,4030464,4042752,88862720,0,371.9496641,0,9.337648472,0,0,0
25:27.7,59379712,128974848,16543744,108625920,4030464,4042752,88862720,0,374.4294818,0,4.680368522,0,0,0
25:28.8,59379712,124055552,16543744,97468416,4030464,4042752,88862720,0,383.7492612,0,10.78813184,0,0,0
25:29.8,59379712,124428288,16543744,97468416,4030464,4042752,88862720,0,383.5086653,0,3.15644992,0,0,0
25:30.8,59379712,122114048,16543744,95240192,4030464,4042752,88862720,0,392.1619971,0,4.631834612,0,0,0
25:31.8,59379712,123273216,16543744,95240192,4030464,4042752,88862720,0,389.5765344,0,4.731698798,0,0,0
25:32.7,59379712,123584512,16543744,95240192,4030464,4042752,88862720,0,377.2723717,0,4.755534097,0,0,0
25:33.8,59379712,125063168,16543744,95240192,4030464,4042752,88862720,0,384.1807156,0,0,0,0,0
25:34.8,59379712,125370368,16580608,95240192,4030464,4042752,88862720,0,392.961758,1.559372056,3.118744111,0,0,0
25:35.7,59379712,129150976,16580608,95240192,4030464,4042752,88862720,0,386.6784727,0,7.891397402,0,0,0
25:36.8,59379712,129732608,16580608,95240192,4030464,4042752,88862720,0,391.4146365,0,3.09418685,0,0,0
25:37.7,59576320,135135232,16580608,121516032,4030464,4042752,88862720,4.749089036,367.2628855,0,7.915148393,0,0,1.583029679
25:38.7,60485632,135548928,16580608,118620160,4030464,4042752,88862720,0,379.5039339,0,9.370467505,0,0,0
25:39.7,60481536,135917568,16580608,117563392,4030464,4042752,88862720,0,373.5059389,0,14.00647271,0,0,0
25:40.8,60481536,136089600,16580608,117563392,4030464,4042752,88862720,0,375.2722139,0,10.76600614,0,0,0
25:41.8,60481536,132202496,16580608,117563392,4030464,4042752,88862720,0,370.3128703,0,10.93751094,0,0,0
25:42.7,60481536,136687616,16580608,97394688,4030464,4042752,88862720,0,2349.165966,0,26.87471159,0,0,0
25:49.8,60481536,134037504,16543744,96739328,4030464,4042752,88862720,0.221375704,1043.786442,0.221375704,16.82455347,0,0,0.664127111
26:09.9,58806272,129785856,16543744,108888064,4030464,4042752,88862720,0.311543617,178.7481504,0,2.336577129,0,0,0.077885904
26:24.3,58806272,131420160,16543744,95903744,4030464,4042752,88862720,0,212.1879161,0,4.325951398,0,0,0
26:24.7,58806272,131543040,16543744,95903744,4030464,4042752,88862720,0,346.314756,0,18.22709242,0,0,0
26:25.8,58806272,129818624,16543744,95903744,4030464,4042752,88862720,0,382.3453579,0,6.216997689,0,0,0
26:26.8,59908096,132788224,16543744,123834368,4030464,4042752,88862720,4.647148807,368.6738053,0,9.294297614,0,0,3.098099205
26:27.7,59908096,133156864,16543744,119627776,4030464,4042752,88862720,0,372.473995,0,11.04795748,0,0,0
26:28.8,59904000,137195520,16543744,118571008,4030464,4042752,88862720,0,381.2665211,0,10.76155503,0,0,0
26:29.8,59904000,133111808,16543744,118571008,4030464,4042752,88862720,0,368.7740026,0,10.98475753,0,0,0
26:30.7,59904000,133480448,16543744,118571008,4030464,4042752,88862720,0,372.8507618,0,11.05913277,0,0,0
26:31.8,59904000,121831424,16543744,113860608,4030464,4042752,88862720,0,375.8114783,0,9.356302365,0,0,0
26:32.8,59904000,122138624,16543744,113860608,4030464,4042752,88862720,0,372.3205013,0,17.13609002,0,0,0
26:33.8,59904000,122408960,16543744,98459648,4030464,4042752,88862720,0,359.375,0,20.3125,0,0,0
26:34.7,59904000,122716160,16543744,98041856,4030464,4042752,88862720,0,378.8298397,0,11.09543464,0,0,0
26:35.7,59904000,123023360,16543744,98041856,4030464,4042752,88862720,0,378.54958,0,14.02035481,0,0,0
26:36.7,59904000,124444672,16543744,98041856,4030464,4042752,88862720,0,375.4363412,0,14.02044428,0,0,0
26:37.8,59904000,125800448,16543744,95903744,4030464,4042752,88862720,0,388.9219557,0,7.747449317,0,0,0
26:38.8,59904000,126107648,16543744,95903744,4030464,4042752,88862720,0,370.6084159,0,1.570374644,0,0,0
26:39.8,59904000,126353408,16543744,95903744,4030464,4042752,88862720,0,385.7391889,0,9.257740533,0,0,0
26:40.7,59904000,127983616,16543744,95903744,4030464,4042752,88862720,0,380.3286323,0,9.508215808,0,0,0
26:41.8,59904000,128290816,16543744,95903744,4030464,4042752,88862720,0,384.0217994,0,6.19389999,0,0,0
26:42.8,60309504,133111808,16543744,124882944,4030464,4042752,88862720,1.563985317,370.6645201,3.127970634,9.383911901,0,0,1.563985317
26:43.8,60309504,132759552,16543744,120676352,4030464,4042752,88862720,0,383.3269631,0,6.258399398,0,0,1.564599849
26:44.7,60305408,133128192,16543744,119619584,4030464,4042752,88862720,0,388.2480897,0,0,0,0,0
26:45.7,60305408,133238784,16543744,119619584,4030464,4042752,88862720,0,382.8435874,0,6.225098982,0,0,0
26:46.8,60305408,134594560,16543744,119619584,4030464,4042752,88862720,0,388.6816307,0,0,0,0,0
26:52.6,59412480,132276224,16543744,119734272,4030464,4042752,88862720,1.067615707,964.5907913,0,16.81494739,0,0,0.80071178
27:02.9,59412480,130994176,16543744,95952896,4030464,4042752,88862720,0,208.0755847,0,3.490691793,0,0,0
27:09.5,59412480,116486144,16543744,95952896,4030464,4042752,100315136,0,466.3925093,0,8.23183955,0,0,1.411172494
